catalogNumber,id,nombre_identifications,nombre_core,fecha_identifications,fecha_core,determinador_identifications,determinador_core,motivo
1799,678173,Bujurquina moriorum,Bujurquina moriorum,2023-06-05,2023-06-05,Jonathan Valdiviezo | Daysi Gualavisi | Juan Luis Valdiviezo,Jonathan Santiago Valdiviezo Rivera | Daysi Carina Gualavisi Cajas | Juan Luis Valdiviezo Rivera,"identifications trae cualificador de su propia determinacion, incompatible con el nombre del core"
4271,680967,Chrysobrycon,Creagrutus kunturus,2019,2023-07-13,Jonathan Santiago Valdiviezo Rivera | Daysi Carina Gualavisi Cajas,Jonathan Santiago Valdiviezo Rivera | Daysi Carina Gualavisi Cajas | Juan Luis Valdiviezo Rivera,"identifications trae cualificador de su propia determinacion, incompatible con el nombre del core"
4317,681018,Brachychalcinus nummus,Brachychalcinus nummus,2019,2019,"Paul, Tufiño",Paúl Tufiño,"identifications trae cualificador de su propia determinacion, incompatible con el nombre del core"
4388,677081,Hemigrammus schmardae,Knodus gamma,2021,2023-07-17,Martha Buenaño Carriel,Jonathan Santiago Valdiviezo Rivera | Daysi Carina Gualavisi Cajas | Juan Luis Valdiviezo Rivera,"identifications trae cualificador de su propia determinacion, incompatible con el nombre del core"
4437,677130,Bryconops giacopinii,Bryconops caudomaculatus,2021,2023-07-14,Jonathan Santiago Valdiviezo Rivera | Carolina Michelle Carrillo Moreno,Jonathan Santiago Valdiviezo Rivera | Carolina Michelle Carrillo Moreno,"identifications trae cualificador de su propia determinacion, incompatible con el nombre del core"
4452,677145,Pimelodella lateristriga,Pimelodella gracilis,2021,2023-07-14,Jonathan Santiago Valdiviezo Rivera | Carolina Michelle Carrillo Moreno,Jonathan Santiago Valdiviezo Rivera | Carolina Michelle Carrillo Moreno,"identifications trae cualificador de su propia determinacion, incompatible con el nombre del core"
4453,677146,Bryconops giacopinii,Bryconops caudomaculatus,2021,2023-07-14,Jonathan Santiago Valdiviezo Rivera | Carolina Michelle Carrillo Moreno,Jonathan Santiago Valdiviezo Rivera | Carolina Michelle Carrillo Moreno,"identifications trae cualificador de su propia determinacion, incompatible con el nombre del core"
4559,677252,Apistogramma cruzi,Apistogramma cruzi,2021,2021,Martha Buenaño Carriel,Martha Buenaño Carriel,"identifications trae cualificador de su propia determinacion, incompatible con el nombre del core"
3762,680401,Microglanis,Microglanis berbixae,2017,2017,Jonathan Santiago Valdiviezo Rivera,Jonathan Santiago Valdiviezo Rivera,"identifications trae el nombre truncado, no una determinacion anterior"
3763,680402,Microglanis,Microglanis berbixae,2017,2017,Jonathan Santiago Valdiviezo Rivera,Jonathan Santiago Valdiviezo Rivera,"identifications trae el nombre truncado, no una determinacion anterior"
3764,680403,Microglanis,Microglanis berbixae,2017,2017,Jonathan Santiago Valdiviezo Rivera,Jonathan Santiago Valdiviezo Rivera,"identifications trae el nombre truncado, no una determinacion anterior"
4013,680681,Pimelodella,Pimelodella lateristriga,sin datos,2023-07-25,"Mauricio, Herrera",Jonathan Santiago Valdiviezo Rivera | Daysi Carina Gualavisi Cajas | Juan Luis Valdiviezo Rivera,"identifications trae el nombre truncado, no una determinacion anterior"
4015,680683,Bujurquina,Bujurquina moriorum,sin datos,2023-07-25,"Mauricio, Herrera",Jonathan Santiago Valdiviezo Rivera | Daysi Carina Gualavisi Cajas | Juan Luis Valdiviezo Rivera,"identifications trae el nombre truncado, no una determinacion anterior"
4021,680690,Cichlasoma,Cichlasoma amazonarum,sin datos,2023-07-25,"Mauricio, Herrera",Jonathan Santiago Valdiviezo Rivera | Daysi Carina Gualavisi Cajas | Juan Luis Valdiviezo Rivera,"identifications trae el nombre truncado, no una determinacion anterior"
4022,680691,Bujurquina,Bujurquina moriorum,sin datos,2023-07-25,"Mauricio, Herrera",Jonathan Santiago Valdiviezo Rivera | Daysi Carina Gualavisi Cajas | Juan Luis Valdiviezo Rivera,"identifications trae el nombre truncado, no una determinacion anterior"
4026,680695,Pimelodella,Pimelodella lateristriga,sin datos,2023-07-25,"Mauricio, Herrera",Jonathan Santiago Valdiviezo Rivera | Daysi Carina Gualavisi Cajas | Juan Luis Valdiviezo Rivera,"identifications trae el nombre truncado, no una determinacion anterior"
4029,680698,Bujurquina,Bujurquina moriorum,sin datos,2023-07-25,"Mauricio, Herrera",Jonathan Santiago Valdiviezo Rivera | Daysi Carina Gualavisi Cajas | Juan Luis Valdiviezo Rivera,"identifications trae el nombre truncado, no una determinacion anterior"
4336,681039,Gymnotus,Gymnotus coatesi,2019,2023-07-14,"Paul, Tufiño",Jonathan Santiago Valdiviezo Rivera | Daysi Carina Gualavisi Cajas | Juan Luis Valdiviezo Rivera,"identifications trae el nombre truncado, no una determinacion anterior"
1184,677468,undefined,Characidae,2023-04-18,2023-04-18,Jonathan Valdiviezo | Daysi Gualavisi | Juan Luis Valdiviezo,Jonathan Santiago Valdiviezo Rivera | Daysi Carina Gualavisi Cajas | Juan Luis Valdiviezo Rivera,identifications trae el texto literal undefined
1309,677607,undefined,,2023-04-25,2023-04-25,Jonathan Valdiviezo | Daysi Gualavisi | Juan Luis Valdiviezo,Jonathan Santiago Valdiviezo Rivera | Daysi Carina Gualavisi Cajas | Juan Luis Valdiviezo Rivera,identifications trae el texto literal undefined
1343,677645,undefined,,2023-04-26,2023-04-26,Jonathan Valdiviezo | Daysi Gualavisi | Juan Luis Valdiviezo,Jonathan Santiago Valdiviezo Rivera | Daysi Carina Gualavisi Cajas | Juan Luis Valdiviezo Rivera,identifications trae el texto literal undefined
1455,677769,undefined,,2009,2009,Jonathan Santiago Valdiviezo Rivera,Jonathan Santiago Valdiviezo Rivera,identifications trae el texto literal undefined
1692,678032,undefined,Characidae,2023-05-31,2023-05-31,Jonathan Valdiviezo | Daysi Gualavisi | Juan Luis Valdiviezo,Jonathan Santiago Valdiviezo Rivera | Daysi Carina Gualavisi Cajas | Juan Luis Valdiviezo Rivera,identifications trae el texto literal undefined
1733,678101,undefined,,2023-06-01,2023-06-01,Jonathan Valdiviezo | Daysi Gualavisi | Juan Luis Valdiviezo,Jonathan Santiago Valdiviezo Rivera | Daysi Carina Gualavisi Cajas | Juan Luis Valdiviezo Rivera,identifications trae el texto literal undefined
1743,678112,undefined,,2023-06-01,2023-06-01,Jonathan Valdiviezo | Daysi Gualavisi | Juan Luis Valdiviezo,Jonathan Santiago Valdiviezo Rivera | Daysi Carina Gualavisi Cajas | Juan Luis Valdiviezo Rivera,identifications trae el texto literal undefined
2207,678628,undefined,Loricariidae,2023-06-16,2023-06-16,Jonathan Valdiviezo | Daysi Gualavisi | Juan Luis Valdiviezo,Jonathan Santiago Valdiviezo Rivera | Daysi Carina Gualavisi Cajas | Juan Luis Valdiviezo Rivera,identifications trae el texto literal undefined
2849,679363,undefined,Characidae,2023-06-13,2023-06-13,Jonathan Valdiviezo | Daysi Gualavisi | Juan Luis Valdiviezo,Jonathan Santiago Valdiviezo Rivera | Daysi Carina Gualavisi Cajas | Juan Luis Valdiviezo Rivera,identifications trae el texto literal undefined
2853,679368,undefined,Characidae,2023-06-13,2023-06-13,Jonathan Santiago Valdiviezo Rivera,Jonathan Santiago Valdiviezo Rivera,identifications trae el texto literal undefined
3794,680436,undefined,,2023-07-20,2023-07-20,Jonathan Valdiviezo | Daysi Gualavisi | Juan Luis Valdiviezo,Jonathan Santiago Valdiviezo Rivera | Daysi Carina Gualavisi Cajas | Juan Luis Valdiviezo Rivera,identifications trae el texto literal undefined
400,680666,undefined,Characidae,2023-03-22,2023-03-22,Jonathan Valdiviezo | Daysi Gualavisi | Juan Luis Valdiviezo,Jonathan Santiago Valdiviezo Rivera | Daysi Carina Gualavisi Cajas | Juan Luis Valdiviezo Rivera,identifications trae el texto literal undefined
453,681095,undefined,Characidae,2023-03-22,2023-03-22,Jonathan Valdiviezo | Daysi Gualavisi | Juan Luis Valdiviezo,Jonathan Santiago Valdiviezo Rivera | Daysi Carina Gualavisi Cajas | Juan Luis Valdiviezo Rivera,identifications trae el texto literal undefined
456,681098,undefined,Lebiasinidae,2023-03-22,2023-03-22,Jonathan Valdiviezo | Daysi Gualavisi | Juan Luis Valdiviezo,Jonathan Santiago Valdiviezo Rivera | Daysi Carina Gualavisi Cajas | Juan Luis Valdiviezo Rivera,identifications trae el texto literal undefined
641,681327,undefined,Heptapteridae,2023-04-10,2023-04-10,Jonathan Valdiviezo | Daysi Gualavisi | Juan Luis Valdiviezo,Jonathan Santiago Valdiviezo Rivera | Daysi Carina Gualavisi Cajas | Juan Luis Valdiviezo Rivera,identifications trae el texto literal undefined
653,681340,undefined,Characidae,2023-04-10,2023-04-10,Jonathan Valdiviezo | Daysi Gualavisi | Juan Luis Valdiviezo,Jonathan Santiago Valdiviezo Rivera | Daysi Carina Gualavisi Cajas | Juan Luis Valdiviezo Rivera,identifications trae el texto literal undefined
760,681459,undefined,Characidae,2023-04-10,2023-04-10,Jonathan Valdiviezo | Daysi Gualavisi | Juan Luis Valdiviezo,Jonathan Santiago Valdiviezo Rivera | Daysi Carina Gualavisi Cajas | Juan Luis Valdiviezo Rivera,identifications trae el texto literal undefined
761,681460,undefined,Characidae,2007,2007,Juan Francisco Rivadeneira,Juan Francisco Rivadeneira,identifications trae el texto literal undefined
2336,678771,Bryconamericus peruanus,Knodus,2023-06-20,2023-06-20,Jonathan Valdiviezo | Daysi Gualavisi,Jonathan Santiago Valdiviezo Rivera | Daysi Carina Gualavisi Cajas,misma fecha: mismo acto con dos nombres
3765,680404,Microglanis,Xyliphius melanopterus,2017,2017,Jonathan Santiago Valdiviezo Rivera,Jonathan Santiago Valdiviezo Rivera,misma fecha: mismo acto con dos nombres
3766,680405,Trichomycterus,Brachyhypopomus,2017,2017,Jonathan Santiago Valdiviezo Rivera,Jonathan Santiago Valdiviezo Rivera,misma fecha: mismo acto con dos nombres
3767,680406,Brachyhypopomus,Trichomycterus,2017,2017,Jonathan Santiago Valdiviezo Rivera,Jonathan Santiago Valdiviezo Rivera,misma fecha: mismo acto con dos nombres
3775,680415,Salminus iquitensis,Salminus affinis,2023-07-19,2023-07-19,Jonathan Valdiviezo | Daysi Gualavisi | Juan Luis Valdiviezo,Jonathan Santiago Valdiviezo Rivera | Daysi Carina Gualavisi Cajas | Juan Luis Valdiviezo Rivera,misma fecha: mismo acto con dos nombres
6410,1841506,Eigenmanni,Eigenmannia,2025-04-07,2025-04-07,Jonathan Valdiviezo | Daysi Gualavisi,Jonathan Santiago Valdiviezo Rivera | Daysi Carina Gualavisi Cajas,misma fecha: mismo acto con dos nombres
3957,680617,Creagrutus muelleri,Creagrutus beni,sin datos,2023-07-24,Jonathan Santiago Valdiviezo Rivera,Jonathan Santiago Valdiviezo Rivera | Daysi Carina Gualavisi Cajas | Juan Luis Valdiviezo Rivera,sin fecha comparable en identifications
4016,680684,Aequidens tetramerus,Cichlasoma amazonarum,sin datos,2023-07-25,"Mauricio, Herrera",Jonathan Santiago Valdiviezo Rivera | Daysi Carina Gualavisi Cajas | Juan Luis Valdiviezo Rivera,sin fecha comparable en identifications
4020,680689,Cichlasoma saxatilis,Crenicichla proteus,sin datos,2023-07-25,"Mauricio, Herrera",Jonathan Santiago Valdiviezo Rivera | Daysi Carina Gualavisi Cajas | Juan Luis Valdiviezo Rivera,sin fecha comparable en identifications
4024,680693,Astyanax bimaculatus,Astyanax villwocki,sin datos,2023-07-25,"Mauricio, Herrera",Jonathan Santiago Valdiviezo Rivera | Daysi Carina Gualavisi Cajas | Juan Luis Valdiviezo Rivera,sin fecha comparable en identifications
4027,680696,Megalechis personata,Megalechis thoracata,sin datos,2023-07-25,"Mauricio, Herrera",Jonathan Santiago Valdiviezo Rivera | Daysi Carina Gualavisi Cajas | Juan Luis Valdiviezo Rivera,sin fecha comparable en identifications
4031,680701,Astyanax bimaculatus,Astyanax villwocki,sin datos,2023-07-25,"Mauricio, Herrera",Jonathan Santiago Valdiviezo Rivera | Daysi Carina Gualavisi Cajas | Juan Luis Valdiviezo Rivera,sin fecha comparable en identifications
4034,680704,Lipopterichthys carrioni,Chaetostoma carrioni,sin datos,2023-07-25,E. Calvache | G. González,Jonathan Santiago Valdiviezo Rivera | Daysi Carina Gualavisi Cajas | Juan Luis Valdiviezo Rivera,sin fecha comparable en identifications
4038,680708,Charax gibbosus,Charax tectifer,sin datos,2023-07-25,"Mauricio, Herrera",Jonathan Santiago Valdiviezo Rivera | Daysi Carina Gualavisi Cajas | Juan Luis Valdiviezo Rivera,sin fecha comparable en identifications
4040,680711,Astyanax abramis,Astyanax henseli,sin datos,2023-07-11,"Mauricio, Herrera",Jonathan Santiago Valdiviezo Rivera | Daysi Carina Gualavisi Cajas | Juan Luis Valdiviezo Rivera,sin fecha comparable en identifications
4042,680713,Crenicichla saxatilis,Crenicichla cincta,sin datos,2023-07-11,"Mauricio, Herrera",Jonathan Santiago Valdiviezo Rivera | Daysi Carina Gualavisi Cajas | Juan Luis Valdiviezo Rivera,sin fecha comparable en identifications
4046,680717,Moenkhausia dichroura,Bryconamericus,sin datos,2023-07-11,"Mauricio, Herrera",Jonathan Santiago Valdiviezo Rivera | Daysi Carina Gualavisi Cajas | Juan Luis Valdiviezo Rivera,sin fecha comparable en identifications
4051,680723,Astyanax henseli,Astyanax bimaculatus,sin datos,2023-07-11,"Mauricio, Herrera",Jonathan Santiago Valdiviezo Rivera | Daysi Carina Gualavisi Cajas | Juan Luis Valdiviezo Rivera,sin fecha comparable en identifications
4053,680725,Cichlasoma bimaculatum,Cichlasoma amazonarum,sin datos,2023-07-11,"Mauricio, Herrera",Jonathan Santiago Valdiviezo Rivera | Daysi Carina Gualavisi Cajas | Juan Luis Valdiviezo Rivera,sin fecha comparable en identifications
4055,680727,Astyanax abramis,Astyanax villwocki,sin datos,2023-07-11,"Mauricio, Herrera",Jonathan Santiago Valdiviezo Rivera | Daysi Carina Gualavisi Cajas | Juan Luis Valdiviezo Rivera,sin fecha comparable en identifications
4057,680729,Rivulus,Anablepsoides rubrolineatus,sin datos,2023-07-11,"Mauricio, Herrera",Jonathan Santiago Valdiviezo Rivera | Daysi Carina Gualavisi Cajas | Juan Luis Valdiviezo Rivera,sin fecha comparable en identifications
4061,680734,Rivulus,Anablepsoides rubrolineatus,sin datos,2023-07-12,"Mauricio, Herrera",Jonathan Santiago Valdiviezo Rivera | Daysi Carina Gualavisi Cajas | Juan Luis Valdiviezo Rivera,sin fecha comparable en identifications
4066,680739,Bujurquina moriorum,Aequidens tetramerus,sin datos,2023-07-12,"Mauricio, Herrera",Jonathan Santiago Valdiviezo Rivera | Daysi Carina Gualavisi Cajas | Juan Luis Valdiviezo Rivera,sin fecha comparable en identifications
4067,680740,Astyanax bimaculatus,Astyanax henseli,sin datos,2023-07-12,"Mauricio, Herrera",Jonathan Santiago Valdiviezo Rivera | Daysi Carina Gualavisi Cajas | Juan Luis Valdiviezo Rivera,sin fecha comparable en identifications
4068,680741,Astyanax bimaculatus,Astyanax henseli,sin datos,2023-07-12,"Mauricio, Herrera",Jonathan Santiago Valdiviezo Rivera | Daysi Carina Gualavisi Cajas | Juan Luis Valdiviezo Rivera,sin fecha comparable en identifications
4069,680742,Astyanax bimaculatus,Astyanax henseli,sin datos,2023-07-12,"Mauricio, Herrera",Jonathan Santiago Valdiviezo Rivera | Daysi Carina Gualavisi Cajas | Juan Luis Valdiviezo Rivera,sin fecha comparable en identifications
4071,680745,Hemigrammus,Bryconamericus,sin datos,2023-07-12,"Mauricio, Herrera",Jonathan Santiago Valdiviezo Rivera | Daysi Carina Gualavisi Cajas | Juan Luis Valdiviezo Rivera,sin fecha comparable en identifications
4073,680747,Crenicichla saxatilis,Crenicichla anthurus,sin datos,2023-07-12,"Mauricio, Herrera",Jonathan Santiago Valdiviezo Rivera | Daysi Carina Gualavisi Cajas | Juan Luis Valdiviezo Rivera,sin fecha comparable en identifications
4133,680814,Pyrrhulina laeta,Pyrrhulina brevis,sin datos,2023-07-12,Jonathan Santiago Valdiviezo Rivera,Jonathan Santiago Valdiviezo Rivera | Daysi Carina Gualavisi Cajas | Juan Luis Valdiviezo Rivera,sin fecha comparable en identifications
4143,680825,Charax gibbosus,Charax tectifer,sin datos,2023-07-12,Jonathan Santiago Valdiviezo Rivera,Jonathan Santiago Valdiviezo Rivera | Daysi Carina Gualavisi Cajas | Juan Luis Valdiviezo Rivera,sin fecha comparable en identifications
