id,catalogNumber,stateProvince,county,locality,verbatimCoordinates,verbatimLatitude,verbatimLongitude,decimalLatitude,decimalLongitude,metodo_correccion,confianza_coordenada,coherencia_provincia,criterio_coherencia,dist_fuera_provincia_km,dist_centroide_km,coordenada_compartida,provincia_minoritaria,signo_ambiguo,dms_rango_invalido
1839775,4702,Orellana,,Río Payamino,24581/99445991,,,,,irreparable,sin_coordenada,,,,,FALSE,FALSE,FALSE,FALSE
1839995,4922,Guayas,Guayaquil,Mercado de Milagro,2.17724/79.13347,,,-2.17724,-79.13347,decimal_sin_signo_neg_ambos,inferida,coherente,poligono_gadm,0.03,68.2,TRUE,TRUE,FALSE,FALSE
1840020,4947,Pichincha,Quito,San José de Mashpi-Río Pachijal,0018521/0733457,,,,,irreparable,sin_coordenada,,,,,FALSE,FALSE,FALSE,FALSE
1840021,4948,Pichincha,,Río Malimpio Bajo,00.16647/78.87937,,,0.16647,-78.87937,decimal_sin_signo_neg_lon_ambiguo,inferida,coherente,poligono_gadm,0,15.1,FALSE,FALSE,TRUE,FALSE
1840022,4949,Pichincha,,Vertiente afluente del Río Pitan,00.06992/078.57935,,,0.06992,-78.57935,decimal_sin_signo_neg_lon_ambiguo,inferida,coherente,poligono_gadm,0,21.5,FALSE,FALSE,TRUE,FALSE
1840023,4950,Pichincha,,Dos Puentes,0002484/784064,,,,,irreparable,sin_coordenada,,,,,FALSE,FALSE,FALSE,FALSE
1840024,4951,Pichincha,,Pahuma afluente Río Pichan,2856.80/763529.02,,,,,irreparable,sin_coordenada,,,,,FALSE,FALSE,FALSE,FALSE
1840025,4952,Pichincha,,Río Alambí,14807.33/759887.35,,,,,irreparable,sin_coordenada,,,,,FALSE,FALSE,FALSE,FALSE
1840026,4953,Pichincha,,Dos Puentes,0230/784039,,,,,irreparable,sin_coordenada,,,,,FALSE,FALSE,FALSE,FALSE
1840027,4954,Pichincha,,Río Alambí,14807.33/759887.35,,,,,irreparable,sin_coordenada,,,,,FALSE,FALSE,FALSE,FALSE
1840029,4956,Pichincha,,Río Malimpio Bajo,0016647/18877937,,,,,irreparable,sin_coordenada,,,,,FALSE,FALSE,FALSE,FALSE
1840030,4957,Pichincha,,Río Alambí,0000172/7839906,,,,,irreparable,sin_coordenada,,,,,FALSE,FALSE,FALSE,FALSE
1840082,5009,Pichincha,,Río Pisque,0796764/99996967,,,,,irreparable,sin_coordenada,,,,,FALSE,FALSE,FALSE,FALSE
1840083,5010,Pichincha,,Río Alambí,0015946/1707584,,,,,irreparable,sin_coordenada,,,,,FALSE,FALSE,FALSE,FALSE
1840084,5011,Pichincha,,Río Alambí,0016647/7887937,,,,,irreparable,sin_coordenada,,,,,FALSE,FALSE,FALSE,FALSE
1840085,5012,Pichincha,,Río Malimpio Bajo,0015946/17075804,,,,,irreparable,sin_coordenada,,,,,FALSE,FALSE,FALSE,FALSE
1840086,5013,Pichincha,,Río Alambí,09993222/0746084,,,,,irreparable,sin_coordenada,,,,,FALSE,FALSE,FALSE,FALSE
1840167,5094,Orellana,El Edén,Chiruisla,,0.43938,-76.629934,0.43938,-76.629934,original,leida,discordante,poligono_gadm,64.91,159.7,FALSE,FALSE,FALSE,FALSE
1840195,5122,Esmeraldas,Atacames,,,-0.87127,-79.85844,-0.87127,-79.85844,original,leida,discordante,poligono_gadm,97.76,176.1,TRUE,FALSE,FALSE,FALSE
1840196,5123,Esmeraldas,Atacames,,,-0.87127,-79.85844,-0.87127,-79.85844,original,leida,discordante,poligono_gadm,97.76,176.1,TRUE,FALSE,FALSE,FALSE
1840197,5124,Esmeraldas,Atacames,,,-0.87127,-79.85844,-0.87127,-79.85844,original,leida,discordante,poligono_gadm,97.76,176.1,TRUE,FALSE,FALSE,FALSE
1840198,5125,Esmeraldas,Atacames,Atacames,,-0.87127,-79.85844,-0.87127,-79.85844,original,leida,discordante,poligono_gadm,97.76,176.1,TRUE,FALSE,FALSE,FALSE
1840199,5126,Esmeraldas,Atacames,,,-0.87127,-79.85844,-0.87127,-79.85844,original,leida,discordante,poligono_gadm,97.76,176.1,TRUE,FALSE,FALSE,FALSE
1840200,5127,Esmeraldas,Atacames,,,-0.87127,-79.85844,-0.87127,-79.85844,original,leida,discordante,poligono_gadm,97.76,176.1,TRUE,FALSE,FALSE,FALSE
1840201,5128,Esmeraldas,Atacames,,,-0.87127,-79.85844,-0.87127,-79.85844,original,leida,discordante,poligono_gadm,97.76,176.1,TRUE,FALSE,FALSE,FALSE
1840202,5129,Esmeraldas,Atacames,,,-0.87127,-79.85844,-0.87127,-79.85844,original,leida,discordante,poligono_gadm,97.76,176.1,TRUE,FALSE,FALSE,FALSE
1840219,5146,Orellana,,Parque Nacional Yasuní,,0.67541,-76.42361,0.67541,-76.42361,original,leida,discordante,poligono_gadm,99.44,173.9,FALSE,FALSE,FALSE,FALSE
1840230,5157,Esmeraldas,Atacames,Tonsupa,,-0.87127,-79.85844,-0.87127,-79.85844,original,leida,discordante,poligono_gadm,97.76,176.1,TRUE,FALSE,FALSE,FALSE
1840231,5158,Esmeraldas,Atacames,Tonchigüe,,-0.87127,-79.85844,-0.87127,-79.85844,original,leida,discordante,poligono_gadm,97.76,176.1,TRUE,FALSE,FALSE,FALSE
1840233,5160,Pichincha,,La Concordia,,-0.0399,-79.328364,-0.0399,-79.328364,original,leida,discordante,poligono_gadm,5.86,63.4,TRUE,FALSE,FALSE,FALSE
1840235,5162,Esmeraldas,Atacames,Atacames,,-0.87127,-79.85844,-0.87127,-79.85844,original,leida,discordante,poligono_gadm,97.76,176.1,TRUE,FALSE,FALSE,FALSE
1840238,5165,Esmeraldas,Atacames,Atacames,,-0.87127,-79.85844,-0.87127,-79.85844,original,leida,discordante,poligono_gadm,97.76,176.1,TRUE,FALSE,FALSE,FALSE
1840243,5170,Pastaza,,,,-14.95103,-77.9968,,,descartada_fuera_de_rango,sin_coordenada,,,,,FALSE,FALSE,FALSE,FALSE
1840244,5171,Orellana,,Cuyabeno,,0.008841,-76.190786,0.008841,-76.190786,original,leida,discordante,poligono_gadm,50.08,95.3,FALSE,FALSE,FALSE,FALSE
1840258,5185,Sucumbíos,,,,-2.091522,-79.39281,-2.091522,-79.39281,original,leida,discordante,poligono_gadm,286.23,413.7,TRUE,FALSE,FALSE,FALSE
1840265,5192,Sucumbíos,,,,-2.09152,-79.39281,-2.09152,-79.39281,original,leida,discordante,poligono_gadm,286.23,413.7,TRUE,FALSE,FALSE,FALSE
1840273,5200,Sucumbíos,,,,-2.091522,-79.392814,-2.091522,-79.392814,original,leida,discordante,poligono_gadm,286.23,413.7,TRUE,FALSE,FALSE,FALSE
1840284,5211,Sucumbíos,,,,-2.091522,-79.3928147,-2.091522,-79.392815,original,leida,discordante,poligono_gadm,286.23,413.7,TRUE,FALSE,FALSE,FALSE
1840288,5215,Sucumbíos,,,,-2.091522,-79.3928147,-2.091522,-79.392815,original,leida,discordante,poligono_gadm,286.23,413.7,TRUE,FALSE,FALSE,FALSE
1840295,5222,Sucumbíos,,,,-2.091522,-79.3928147,-2.091522,-79.392815,original,leida,discordante,poligono_gadm,286.23,413.7,TRUE,FALSE,FALSE,FALSE
1840298,5225,Sucumbíos,,,,-2.091522,-79.3928147,-2.091522,-79.392815,original,leida,discordante,poligono_gadm,286.23,413.7,TRUE,FALSE,FALSE,FALSE
1840304,5231,Sucumbíos,,,,-2.091522,-79.3928147,-2.091522,-79.392815,original,leida,discordante,poligono_gadm,286.23,413.7,TRUE,FALSE,FALSE,FALSE
1840305,5232,Sucumbíos,,,,-2.091522,-79.3928147,-2.091522,-79.392815,original,leida,discordante,poligono_gadm,286.23,413.7,TRUE,FALSE,FALSE,FALSE
1840313,5240,Pichincha,,,,0.313013,-79.458342,0.313013,-79.458342,original,leida,discordante,poligono_gadm,13.15,80.6,FALSE,FALSE,FALSE,FALSE
1840314,5241,Sucumbíos,,,,-2.091522,-79.3928147,-2.091522,-79.392815,original,leida,discordante,poligono_gadm,286.23,413.7,TRUE,FALSE,FALSE,FALSE
1840318,5245,Sucumbíos,,,,-2.091522,-79.3928147,-2.091522,-79.392815,original,leida,discordante,poligono_gadm,286.23,413.7,TRUE,FALSE,FALSE,FALSE
1840319,5246,Sucumbíos,,Parque Nacional Yasuní,,-0.997237,76.09445,-0.997237,-76.09445,neg_lon_ambiguo,inferida,discordante,poligono_gadm,50.27,108.2,TRUE,TRUE,TRUE,FALSE
1840324,5251,Sucumbíos,,Parque Nacional Yasuní,,-2.091522,-79.3928147,-2.091522,-79.392815,original,leida,discordante,poligono_gadm,286.23,413.7,TRUE,FALSE,FALSE,FALSE
1840325,5252,Sucumbíos,,Parque Nacional Yasuní,,-2.091522,-79.3928147,-2.091522,-79.392815,original,leida,discordante,poligono_gadm,286.23,413.7,TRUE,FALSE,FALSE,FALSE
1840332,5259,Orellana,,,,-2.091522,-79.39281,-2.091522,-79.39281,original,leida,discordante,poligono_gadm,238.39,414.3,TRUE,TRUE,FALSE,FALSE
1840333,5260,Orellana,,,,-2.091522,-79.39281,-2.091522,-79.39281,original,leida,discordante,poligono_gadm,238.39,414.3,TRUE,TRUE,FALSE,FALSE
1840334,5261,Sucumbíos,,,,-2.091522,-79.3928147,-2.091522,-79.392815,original,leida,discordante,poligono_gadm,286.23,413.7,TRUE,FALSE,FALSE,FALSE
1840335,5262,Sucumbíos,,,,-2.091522,-79.3928147,-2.091522,-79.392815,original,leida,discordante,poligono_gadm,286.23,413.7,TRUE,FALSE,FALSE,FALSE
1840336,5263,Esmeraldas,Tonchigüe,,,-0.8283,-79.94985,-0.8283,-79.94985,original,leida,discordante,poligono_gadm,96.81,172.8,FALSE,FALSE,FALSE,FALSE
1840337,5264,Bolívar,Chillanes,,,-2.091522,-79.3928147,-2.091522,-79.392815,original,leida,discordante,poligono_gadm,18.01,38.9,TRUE,TRUE,FALSE,FALSE
1840365,5292,Morona Santiago,,,"-0.072489 -78,213,042",,,,,irreparable,sin_coordenada,,,,,FALSE,FALSE,FALSE,FALSE
1840368,5295,Esmeraldas,Atacames,Tonchigüe,,-0.87127,-79.85844,-0.87127,-79.85844,original,leida,discordante,poligono_gadm,97.76,176.1,TRUE,FALSE,FALSE,FALSE
1840369,5296,Esmeraldas,Atacames,Atacames,,-0.87127,-79.85844,-0.87127,-79.85844,original,leida,discordante,poligono_gadm,97.76,176.1,TRUE,FALSE,FALSE,FALSE
1840372,5299,Sucumbíos,,,,-2.091522,-79.3928147,-2.091522,-79.392815,original,leida,discordante,poligono_gadm,286.23,413.7,TRUE,FALSE,FALSE,FALSE
1840381,5308,Sucumbíos,,,,-2.091522,-79.3928147,-2.091522,-79.392815,original,leida,discordante,poligono_gadm,286.23,413.7,TRUE,FALSE,FALSE,FALSE
1840383,5310,Esmeraldas,Atacames,Tonchigüe,,-0.87127,-79.85844,-0.87127,-79.85844,original,leida,discordante,poligono_gadm,97.76,176.1,TRUE,FALSE,FALSE,FALSE
1840387,5314,Esmeraldas,Atacames,Tonchigüe,,-0.87127,-79.85844,-0.87127,-79.85844,original,leida,discordante,poligono_gadm,97.76,176.1,TRUE,FALSE,FALSE,FALSE
1840388,5315,Esmeraldas,Atacames,Tonchigüe,,-0.87127,-79.85844,-0.87127,-79.85844,original,leida,discordante,poligono_gadm,97.76,176.1,TRUE,FALSE,FALSE,FALSE
1840389,5316,Esmeraldas,Atacames,Súa,,-0.87127,-79.85844,-0.87127,-79.85844,original,leida,discordante,poligono_gadm,97.76,176.1,TRUE,FALSE,FALSE,FALSE
1840390,5317,Esmeraldas,Atacames,Atacames,,-0.87127,-79.85844,-0.87127,-79.85844,original,leida,discordante,poligono_gadm,97.76,176.1,TRUE,FALSE,FALSE,FALSE
1840391,5318,Esmeraldas,Atacames,,,-0.87127,-79.85844,-0.87127,-79.85844,original,leida,discordante,poligono_gadm,97.76,176.1,TRUE,FALSE,FALSE,FALSE
1840393,5320,Esmeraldas,Atacames,Atacames,,-0.87127,-79.85844,-0.87127,-79.85844,original,leida,discordante,poligono_gadm,97.76,176.1,TRUE,FALSE,FALSE,FALSE
1840394,5321,Esmeraldas,Atacames,Atacames,,-0.87127,-79.85844,-0.87127,-79.85844,original,leida,discordante,poligono_gadm,97.76,176.1,TRUE,FALSE,FALSE,FALSE
1840395,5322,Esmeraldas,Atacames,Atacames,,-0.87127,-79.85844,-0.87127,-79.85844,original,leida,discordante,poligono_gadm,97.76,176.1,TRUE,FALSE,FALSE,FALSE
1840402,5329,Esmeraldas,Atacames,Tonsupa,,-0.87127,-79.85844,-0.87127,-79.85844,original,leida,discordante,poligono_gadm,97.76,176.1,TRUE,FALSE,FALSE,FALSE
1840403,5330,Santo Domingo de los Tsáchilas,,,,-0.38699,-79.8736,-0.38699,-79.8736,original,leida,discordante,poligono_gadm,46.45,86.9,FALSE,FALSE,FALSE,FALSE
1840405,5332,Esmeraldas,Atacames,Atacames,,-0.87127,-79.85844,-0.87127,-79.85844,original,leida,discordante,poligono_gadm,97.76,176.1,TRUE,FALSE,FALSE,FALSE
1840410,5337,Esmeraldas,Atacames,Atacames,,-0.87127,-79.85844,-0.87127,-79.85844,original,leida,discordante,poligono_gadm,97.76,176.1,TRUE,FALSE,FALSE,FALSE
1840413,5340,Esmeraldas,Atacames,Tonchigüe,,-0.87127,-79.85844,-0.87127,-79.85844,original,leida,discordante,poligono_gadm,97.76,176.1,TRUE,FALSE,FALSE,FALSE
1840415,5342,Esmeraldas,Atacames,Tonchigüe,,-0.87127,-79.85844,-0.87127,-79.85844,original,leida,discordante,poligono_gadm,97.76,176.1,TRUE,FALSE,FALSE,FALSE
1840416,5343,Esmeraldas,Atacames,Atacames,,-0.87127,-79.85844,-0.87127,-79.85844,original,leida,discordante,poligono_gadm,97.76,176.1,TRUE,FALSE,FALSE,FALSE
1840417,5344,Esmeraldas,Atacames,Atacames,,-0.87127,-79.85844,-0.87127,-79.85844,original,leida,discordante,poligono_gadm,97.76,176.1,TRUE,FALSE,FALSE,FALSE
1840422,5349,Esmeraldas,Atacames,Tonchigüe,,-0.87127,-79.85844,-0.87127,-79.85844,original,leida,discordante,poligono_gadm,97.76,176.1,TRUE,FALSE,FALSE,FALSE
1840424,5351,Esmeraldas,,Playa Ancha,,-0.87127,-79.85844,-0.87127,-79.85844,original,leida,discordante,poligono_gadm,97.76,176.1,TRUE,FALSE,FALSE,FALSE
1840425,5352,Esmeraldas,Atacames,Atacames,,-0.87127,-79.85844,-0.87127,-79.85844,original,leida,discordante,poligono_gadm,97.76,176.1,TRUE,FALSE,FALSE,FALSE
1840426,5353,Esmeraldas,Atacames,Atacames,,-0.87127,-79.85844,-0.87127,-79.85844,original,leida,discordante,poligono_gadm,97.76,176.1,TRUE,FALSE,FALSE,FALSE
1840427,5354,Esmeraldas,Atacames,Atacames,,-0.87127,-79.85844,-0.87127,-79.85844,original,leida,discordante,poligono_gadm,97.76,176.1,TRUE,FALSE,FALSE,FALSE
1840428,5355,Esmeraldas,Atacames,Tonchigüe,,-0.87127,-79.85844,-0.87127,-79.85844,original,leida,discordante,poligono_gadm,97.76,176.1,TRUE,FALSE,FALSE,FALSE
1840430,5357,Esmeraldas,Atacames,Tonchigüe,,-0.87127,-79.85844,-0.87127,-79.85844,original,leida,discordante,poligono_gadm,97.76,176.1,TRUE,FALSE,FALSE,FALSE
1840431,5358,Esmeraldas,Atacames,Atacames,,-0.87127,-79.85844,-0.87127,-79.85844,original,leida,discordante,poligono_gadm,97.76,176.1,TRUE,FALSE,FALSE,FALSE
1840432,5359,Esmeraldas,Atacames,Súa,,-0.87127,-79.85844,-0.87127,-79.85844,original,leida,discordante,poligono_gadm,97.76,176.1,TRUE,FALSE,FALSE,FALSE
1840434,5361,Esmeraldas,Atacames,Tonchigüe,,-0.87127,-79.85844,-0.87127,-79.85844,original,leida,discordante,poligono_gadm,97.76,176.1,TRUE,FALSE,FALSE,FALSE
1840435,5362,Esmeraldas,Atacames,Tonchigüe,,-0.87127,-79.85844,-0.87127,-79.85844,original,leida,discordante,poligono_gadm,97.76,176.1,TRUE,FALSE,FALSE,FALSE
1840436,5363,Esmeraldas,Atacames,Tonsupa,,-0.87127,-79.85844,-0.87127,-79.85844,original,leida,discordante,poligono_gadm,97.76,176.1,TRUE,FALSE,FALSE,FALSE
1840440,5367,Esmeraldas,Atacames,Atacames,,-0.87127,-79.85844,-0.87127,-79.85844,original,leida,discordante,poligono_gadm,97.76,176.1,TRUE,FALSE,FALSE,FALSE
1840441,5368,Esmeraldas,Atacames,Atacames,,-0.87127,-79.85844,-0.87127,-79.85844,original,leida,discordante,poligono_gadm,97.76,176.1,TRUE,FALSE,FALSE,FALSE
1840442,5369,Esmeraldas,Atacames,Súa,,-0.87127,-79.85844,-0.87127,-79.85844,original,leida,discordante,poligono_gadm,97.76,176.1,TRUE,FALSE,FALSE,FALSE
1840443,5370,Esmeraldas,Atacames,Atacames,,-0.87127,-79.85844,-0.87127,-79.85844,original,leida,discordante,poligono_gadm,97.76,176.1,TRUE,FALSE,FALSE,FALSE
1840444,5371,Esmeraldas,Atacames,Atacames,,-0.87127,-79.85844,-0.87127,-79.85844,original,leida,discordante,poligono_gadm,97.76,176.1,TRUE,FALSE,FALSE,FALSE
1840446,5373,Esmeraldas,Atacames,Súa,,-0.87127,-79.85844,-0.87127,-79.85844,original,leida,discordante,poligono_gadm,97.76,176.1,TRUE,FALSE,FALSE,FALSE
1840447,5374,Esmeraldas,Atacames,Tonchigüe,,-0.87127,-79.85844,-0.87127,-79.85844,original,leida,discordante,poligono_gadm,97.76,176.1,TRUE,FALSE,FALSE,FALSE
1840449,5376,Esmeraldas,Atacames,Atacames,,-0.87127,-79.85844,-0.87127,-79.85844,original,leida,discordante,poligono_gadm,97.76,176.1,TRUE,FALSE,FALSE,FALSE
1840450,5377,Esmeraldas,Atacames,Tonsupa,,-0.87127,-79.85844,-0.87127,-79.85844,original,leida,discordante,poligono_gadm,97.76,176.1,TRUE,FALSE,FALSE,FALSE
1840460,5387,Esmeraldas,Atacames,Súa,,-0.87127,-79.85844,-0.87127,-79.85844,original,leida,discordante,poligono_gadm,97.76,176.1,TRUE,FALSE,FALSE,FALSE
1840463,5390,Sucumbíos,,,,-2.091522,-79.3928147,-2.091522,-79.392815,original,leida,discordante,poligono_gadm,286.23,413.7,TRUE,FALSE,FALSE,FALSE
1840467,5394,Esmeraldas,Atacames,Súa,,-0.87127,-79.85844,-0.87127,-79.85844,original,leida,discordante,poligono_gadm,97.76,176.1,TRUE,FALSE,FALSE,FALSE
1840486,5413,Pichincha,,,,-0.19954,-79.19357,-0.19954,-79.19357,original,leida,discordante,poligono_gadm,12.94,56.5,FALSE,FALSE,FALSE,FALSE
1840489,5416,Sucumbíos,,,,-2.091522,-79.3928147,-2.091522,-79.392815,original,leida,discordante,poligono_gadm,286.23,413.7,TRUE,FALSE,FALSE,FALSE
1840491,5418,Sucumbíos,,,,-2.091522,-79.3928147,-2.091522,-79.392815,original,leida,discordante,poligono_gadm,286.23,413.7,TRUE,FALSE,FALSE,FALSE
1840502,5429,Sucumbíos,,,,-2.091522,-79.3928147,-2.091522,-79.392815,original,leida,discordante,poligono_gadm,286.23,413.7,TRUE,FALSE,FALSE,FALSE
1840508,5435,Sucumbíos,,,,-2.091522,-79.3928147,-2.091522,-79.392815,original,leida,discordante,poligono_gadm,286.23,413.7,TRUE,FALSE,FALSE,FALSE
1840516,5443,Esmeraldas,Atacames,Tonsupa,,-0.87127,-79.85844,-0.87127,-79.85844,original,leida,discordante,poligono_gadm,97.76,176.1,TRUE,FALSE,FALSE,FALSE
1840523,5450,Esmeraldas,Atacames,Tonchigüe,,-0.87127,-79.85844,-0.87127,-79.85844,original,leida,discordante,poligono_gadm,97.76,176.1,TRUE,FALSE,FALSE,FALSE
1840527,5454,Esmeraldas,Atacames,Tonchigüe,,-0.87127,-79.85844,-0.87127,-79.85844,original,leida,discordante,poligono_gadm,97.76,176.1,TRUE,FALSE,FALSE,FALSE
1840533,5460,Sucumbíos,,,,-2.091522,-79.3928147,-2.091522,-79.392815,original,leida,discordante,poligono_gadm,286.23,413.7,TRUE,FALSE,FALSE,FALSE
1840536,5463,Sucumbíos,,,,-2.091522,-79.3928147,-2.091522,-79.392815,original,leida,discordante,poligono_gadm,286.23,413.7,TRUE,FALSE,FALSE,FALSE
1840537,5464,Sucumbíos,,,,-2.091522,-79.3928147,-2.091522,-79.392815,original,leida,discordante,poligono_gadm,286.23,413.7,TRUE,FALSE,FALSE,FALSE
1840553,5480,Esmeraldas,Atacames,Tonsupa,,-0.87127,-79.85844,-0.87127,-79.85844,original,leida,discordante,poligono_gadm,97.76,176.1,TRUE,FALSE,FALSE,FALSE
1840557,5484,Sucumbíos,,,,-2.091522,-79.3928147,-2.091522,-79.392815,original,leida,discordante,poligono_gadm,286.23,413.7,TRUE,FALSE,FALSE,FALSE
1840560,5487,Sucumbíos,,,,-2.091522,-79.3928147,-2.091522,-79.392815,original,leida,discordante,poligono_gadm,286.23,413.7,TRUE,FALSE,FALSE,FALSE
1840561,5488,Sucumbíos,,,,-2.091522,-79.3928147,-2.091522,-79.392815,original,leida,discordante,poligono_gadm,286.23,413.7,TRUE,FALSE,FALSE,FALSE
1840564,5491,Sucumbíos,,,,-2.091522,-79.3928147,-2.091522,-79.392815,original,leida,discordante,poligono_gadm,286.23,413.7,TRUE,FALSE,FALSE,FALSE
1840569,5496,Sucumbíos,,,,-2.091522,-79.3928147,-2.091522,-79.392815,original,leida,discordante,poligono_gadm,286.23,413.7,TRUE,FALSE,FALSE,FALSE
1840574,5501,Sucumbíos,,,,-2.091522,-79.3928147,-2.091522,-79.392815,original,leida,discordante,poligono_gadm,286.23,413.7,TRUE,FALSE,FALSE,FALSE
1840575,5502,Sucumbíos,,,,-2.091522,-79.3928147,-2.091522,-79.392815,original,leida,discordante,poligono_gadm,286.23,413.7,TRUE,FALSE,FALSE,FALSE
1840576,5503,Sucumbíos,,,,-2.091522,-79.3928147,-2.091522,-79.392815,original,leida,discordante,poligono_gadm,286.23,413.7,TRUE,FALSE,FALSE,FALSE
1840584,5511,Sucumbíos,,,,-2.091522,-79.3928147,-2.091522,-79.392815,original,leida,discordante,poligono_gadm,286.23,413.7,TRUE,FALSE,FALSE,FALSE
1840587,5514,Sucumbíos,,,,-2.091522,-79.3928147,-2.091522,-79.392815,original,leida,discordante,poligono_gadm,286.23,413.7,TRUE,FALSE,FALSE,FALSE
1840594,5521,Esmeraldas,Atacames,Tonsupa,,-0.87127,-79.85844,-0.87127,-79.85844,original,leida,discordante,poligono_gadm,97.76,176.1,TRUE,FALSE,FALSE,FALSE
1840599,5526,Esmeraldas,Atacames,Atacames,,-0.87127,-79.85844,-0.87127,-79.85844,original,leida,discordante,poligono_gadm,97.76,176.1,TRUE,FALSE,FALSE,FALSE
1840624,5551,Imbabura,Intag,Reserva Puranquí,,-0.39556,-78.47889,-0.39556,-78.47889,original,leida,discordante,poligono_gadm,62.23,127.4,FALSE,FALSE,FALSE,FALSE
1840664,5568,Esmeraldas,Atacames,,,-0.87127,-79.85844,-0.87127,-79.85844,original,leida,discordante,poligono_gadm,97.76,176.1,TRUE,FALSE,FALSE,FALSE
1840673,5577,Sucumbíos,,,,-2.091522,-79.3928147,-2.091522,-79.392815,original,leida,discordante,poligono_gadm,286.23,413.7,TRUE,FALSE,FALSE,FALSE
1840698,5602,Santo Domingo de los Tsáchilas,,,,-0.75639,-79.46876,-0.75639,-79.46876,original,leida,discordante,poligono_gadm,14.78,64.6,TRUE,FALSE,FALSE,FALSE
1840701,5605,Esmeraldas,Atacames,,,-0.87127,-79.85844,-0.87127,-79.85844,original,leida,discordante,poligono_gadm,97.76,176.1,TRUE,FALSE,FALSE,FALSE
1840702,5606,Esmeraldas,,,,-0.9282747,-79.2212992,-0.928275,-79.221299,original,leida,discordante,poligono_gadm,101.99,188.8,TRUE,TRUE,FALSE,FALSE
1840703,5607,Orellana,El Edén,Chiruisla,,-0.87127,-79.85844,-0.87127,-79.85844,original,leida,discordante,poligono_gadm,250.55,440.5,TRUE,TRUE,FALSE,FALSE
1840706,5610,Pichincha,Quito,,,-0.9282747,-79.2212992,-0.928275,-79.221299,original,leida,discordante,poligono_gadm,62.33,123.2,TRUE,TRUE,FALSE,FALSE
1840708,5612,Pichincha,Guayllabamba,,,3.2882,79.31484,-3.2882,-79.31484,neg_ambos,inferida,discordante,poligono_gadm,299.39,380.1,TRUE,FALSE,FALSE,FALSE
1840709,5613,Orellana,El Edén,Chiruisla,,-0.42756,-76.12474,-0.42756,-76.12474,original,leida,coherente,poligono_gadm,2.29,48,TRUE,TRUE,FALSE,FALSE
1840710,5614,Napo,,,,-0.5997739,-75.5086043,-0.599774,-75.508604,original,leida,discordante,poligono_gadm,172.1,256,TRUE,TRUE,FALSE,FALSE
1840711,5615,Orellana,El Edén,Chiruisla,,-0.5997739,-75.5086043,-0.599774,-75.508604,original,leida,coherente,poligono_gadm,0,48.9,TRUE,TRUE,FALSE,FALSE
1840712,5616,Orellana,El Edén,Chiruisla,-1.9436064. -79.0762425,-1.9436064,-79.0762425,-1.943606,-79.076243,original,leida,discordante,poligono_gadm,199.98,375.6,TRUE,TRUE,FALSE,FALSE
1840715,5619,Esmeraldas,Atacames,,,-1.37291,-77.95116,-1.37291,-77.95116,original,leida,discordante,poligono_gadm,209.88,301.3,TRUE,FALSE,FALSE,FALSE
1840716,5620,Bolívar,,San Pablo de Amalí,,-0.9282747,-79.2212992,-0.928275,-79.221299,original,leida,discordante,poligono_gadm,26.48,114.2,TRUE,TRUE,FALSE,FALSE
1840720,5624,Pichincha,Quito,,,0.612162,-80.019082,0.612162,-80.019082,original,leida,discordante,poligono_gadm,83.77,150.8,TRUE,FALSE,FALSE,FALSE
1840721,5625,Napo,,,,1.060249,-79.404332,1.060249,-79.404332,original,leida,discordante,poligono_gadm,194.42,291.2,TRUE,TRUE,FALSE,FALSE
1840726,5630,Napo,,,,-2.452546,-78.174371,-2.452546,-78.174371,original,leida,discordante,poligono_gadm,134.54,169.1,TRUE,TRUE,FALSE,FALSE
1840728,5632,Esmeraldas,Atacames,,,0.39556,-78.47889,0.39556,-78.47889,original,leida,discordante,poligono_gadm,13.25,139,FALSE,FALSE,FALSE,FALSE
1840732,5636,Cotopaxi,La Maná,,,-0.04499,-76.20131,-0.04499,-76.20131,original,leida,discordante,poligono_gadm,250.04,350.3,TRUE,TRUE,FALSE,FALSE
1840740,5644,Sucumbíos,Aguarico,Zancudococha,,-0.6211,-75.8582,-0.6211,-75.8582,original,leida,discordante,poligono_gadm,9.93,80,TRUE,TRUE,FALSE,FALSE
1840743,5647,Napo,Tena,Misahuallín,,-0.670262,-75.901753,-0.670262,-75.901753,original,leida,discordante,poligono_gadm,127.72,211.5,TRUE,TRUE,FALSE,FALSE
1840744,5648,Cotopaxi,La Maná,,,0.91139,77.92565,0.91139,-77.92565,neg_lon_ambiguo,inferida,discordante,poligono_gadm,177.26,250.5,TRUE,FALSE,TRUE,FALSE
1840745,5649,Pichincha,,,,-0.87127,-79.85844,-0.87127,-79.85844,original,leida,discordante,poligono_gadm,113.14,160.9,TRUE,TRUE,FALSE,FALSE
1840749,5653,Esmeraldas,Atacames,,,-0.6211,-75.8582,-0.6211,-75.8582,original,leida,discordante,poligono_gadm,315.25,451.2,TRUE,TRUE,FALSE,FALSE
1840750,5654,Esmeraldas,Súa,,,-0.670262,-75.901753,-0.670262,-75.901753,original,leida,discordante,poligono_gadm,313.24,448.4,TRUE,TRUE,FALSE,FALSE
1840751,5655,Esmeraldas,Tonchigüe,,,-4.2333,-79.2833,-4.2333,-79.2833,original,leida,discordante,poligono_gadm,466.67,551.2,TRUE,FALSE,FALSE,FALSE
1840753,5657,Esmeraldas,Durango,,,-0.04499,-76.20131,-0.04499,-76.20131,original,leida,discordante,poligono_gadm,257.09,397.1,TRUE,TRUE,FALSE,FALSE
1840754,5658,Esmeraldas,Tonsupa,,,-2.091522,-79.3928147,-2.091522,-79.392815,original,leida,discordante,poligono_gadm,228.24,312.7,TRUE,TRUE,FALSE,FALSE
1840755,5659,Esmeraldas,Tonchigüe,,,-0.5997739,-75.5086043,-0.599774,-75.508604,original,leida,discordante,poligono_gadm,349.98,487.4,TRUE,TRUE,FALSE,FALSE
1840756,5660,Esmeraldas,Atacames,,,-0.04499,-76.20131,-0.04499,-76.20131,original,leida,discordante,poligono_gadm,257.09,397.1,TRUE,TRUE,FALSE,FALSE
1840759,5663,Pichincha,Guayllabamba,,,-0.6211,-75.8582,-0.6211,-75.8582,original,leida,discordante,poligono_gadm,231.51,333.7,TRUE,TRUE,FALSE,FALSE
1840762,5666,Pichincha,Guayllabamba,,,-0.5997739,-75.5086043,-0.599774,-75.508604,original,leida,discordante,poligono_gadm,268.16,371.1,TRUE,TRUE,FALSE,FALSE
1840763,5667,Pichincha,Guayllabamba,,,-0.04499,-76.20131,-0.04499,-76.20131,original,leida,discordante,poligono_gadm,182.33,286.5,TRUE,TRUE,FALSE,FALSE
1840765,5669,Pichincha,,,,-0.010389,-76.142919,-0.010389,-76.142919,original,leida,discordante,poligono_gadm,188.69,292.9,TRUE,TRUE,FALSE,FALSE
1840767,5671,Pichincha,Guayllabamba,,,-1.5486948,-78.5321411,-1.548695,-78.532141,original,leida,discordante,poligono_gadm,98.11,183.6,TRUE,FALSE,FALSE,FALSE
1840770,5674,Esmeraldas,Atacames,,,0.91139,77.92565,0.91139,-77.92565,neg_lon_ambiguo,inferida,discordante,poligono_gadm,58.34,197.7,TRUE,FALSE,TRUE,FALSE
1840771,5675,El Oro,,,,-0.6211,-75.8582,-0.6211,-75.8582,original,leida,discordante,poligono_gadm,501.06,553.1,TRUE,TRUE,FALSE,FALSE
1840773,5677,Esmeraldas,Súa,,,-0.670262,-75.901753,-0.670262,-75.901753,original,leida,discordante,poligono_gadm,313.24,448.4,TRUE,TRUE,FALSE,FALSE
1840774,5678,Manabí,Manta,,,0.62119,75.82578,0.62119,-75.82578,neg_lon_ambiguo,inferida,discordante,poligono_gadm,408.56,545.6,FALSE,FALSE,TRUE,FALSE
1840776,5680,Manabí,,,,-0.597198,-75.901753,-0.597198,-75.901753,original,leida,discordante,poligono_gadm,390.72,512.4,TRUE,TRUE,FALSE,FALSE
1840778,5682,Orellana,,Parque Nacional Yasuní,,-0.42756,-76.12474,-0.42756,-76.12474,original,leida,coherente,poligono_gadm,2.29,48,TRUE,TRUE,FALSE,FALSE
1840779,5683,Orellana,,Parque Nacional Yasuní,,-0.75639,-79.46876,-0.75639,-79.46876,original,leida,discordante,poligono_gadm,205.94,397.1,TRUE,FALSE,FALSE,FALSE
1840780,5684,Orellana,,,302930/9440090,,,-5.063108,-76.777627,utm_zona_32718,convertida,discordante,poligono_gadm,412.44,484.8,FALSE,FALSE,FALSE,FALSE
1840781,5685,Orellana,,Parque Nacional Yasuní,,-2.452546,-78.174371,-2.452546,-78.174371,original,leida,discordante,poligono_gadm,180.91,312.8,TRUE,TRUE,FALSE,FALSE
1840782,5686,Bolívar,,San Pablo de Amalí,,-0.87127,-79.85844,-0.87127,-79.85844,original,leida,discordante,poligono_gadm,70.37,147.7,TRUE,TRUE,FALSE,FALSE
1840785,5689,Esmeraldas,Tonchigüe,,,-0.8283,-79.94985,-0.8283,-79.94985,original,leida,discordante,poligono_gadm,96.81,172.8,FALSE,FALSE,FALSE,FALSE
1840787,5691,Esmeraldas,Súa,,,-0.86716,-79.8736,-0.86716,-79.8736,original,leida,discordante,poligono_gadm,97.83,175.9,FALSE,FALSE,FALSE,FALSE
1840804,5708,Esmeraldas,Súa,,,-0.86716,-79.8736,-0.86716,-79.8736,original,leida,discordante,poligono_gadm,97.83,175.9,FALSE,FALSE,FALSE,FALSE
1840808,5712,Esmeraldas,Súa,,,-0.86716,-79.8736,-0.86716,-79.8736,original,leida,discordante,poligono_gadm,97.83,175.9,FALSE,FALSE,FALSE,FALSE
1840812,5716,Esmeraldas,Súa,,,-0.86716,-79.8736,-0.86716,-79.8736,original,leida,discordante,poligono_gadm,97.83,175.9,FALSE,FALSE,FALSE,FALSE
1840818,5722,Esmeraldas,Súa,,,-0.86716,-79.8736,-0.86716,-79.8736,original,leida,discordante,poligono_gadm,97.83,175.9,FALSE,FALSE,FALSE,FALSE
1840820,5724,Esmeraldas,Súa,,,-0.86716,-79.8736,-0.86716,-79.8736,original,leida,discordante,poligono_gadm,97.83,175.9,FALSE,FALSE,FALSE,FALSE
1840821,5725,Esmeraldas,Súa,,,-0.86716,-79.8736,-0.86716,-79.8736,original,leida,discordante,poligono_gadm,97.83,175.9,FALSE,FALSE,FALSE,FALSE
1840827,5731,Esmeraldas,Súa,,,-0.86716,-79.8736,-0.86716,-79.8736,original,leida,discordante,poligono_gadm,97.83,175.9,FALSE,FALSE,FALSE,FALSE
1840833,5737,Esmeraldas,Súa,,,-0.86716,-79.8736,-0.86716,-79.8736,original,leida,discordante,poligono_gadm,97.83,175.9,FALSE,FALSE,FALSE,FALSE
1840834,5738,Esmeraldas,Súa,,,-0.86716,-79.8736,-0.86716,-79.8736,original,leida,discordante,poligono_gadm,97.83,175.9,FALSE,FALSE,FALSE,FALSE
1840835,5739,Esmeraldas,Súa,,,-0.86716,-79.8736,-0.86716,-79.8736,original,leida,discordante,poligono_gadm,97.83,175.9,FALSE,FALSE,FALSE,FALSE
1840838,5742,Esmeraldas,Súa,,,-0.86716,-79.8736,-0.86716,-79.8736,original,leida,discordante,poligono_gadm,97.83,175.9,FALSE,FALSE,FALSE,FALSE
1840844,5748,Manabí,Salango,,,-1.59321,-80.0444,-1.59321,-80.0444,original,leida,discordante,poligono_gadm,15.98,95.8,FALSE,FALSE,FALSE,FALSE
1840855,5759,Esmeraldas,Súa,,,-0.86716,-79.8736,-0.86716,-79.8736,original,leida,discordante,poligono_gadm,97.83,175.9,FALSE,FALSE,FALSE,FALSE
1840861,5765,Esmeraldas,Súa,,,-0.86716,-79.8736,-0.86716,-79.8736,original,leida,discordante,poligono_gadm,97.83,175.9,FALSE,FALSE,FALSE,FALSE
1840878,5782,Esmeraldas,Súa,,,-0.86716,-79.8736,-0.86716,-79.8736,original,leida,discordante,poligono_gadm,97.83,175.9,FALSE,FALSE,FALSE,FALSE
1840881,5785,Napo,Coca,,,-0.457517,-76.980579,-0.457517,-76.980579,original,leida,discordante,poligono_gadm,30.64,106.3,FALSE,FALSE,FALSE,FALSE
1840893,5797,Esmeraldas,Tonchigüe,,,-0.87127,-79.85844,-0.87127,-79.85844,original,leida,discordante,poligono_gadm,97.76,176.1,TRUE,FALSE,FALSE,FALSE
1840912,5816,Napo,Indiyalla,,,-0.440479,-76.53419,-0.440479,-76.53419,original,leida,discordante,poligono_gadm,70.59,150.9,FALSE,FALSE,FALSE,FALSE
1840995,5899,Pastaza,Pastaza,Bobonaza,01°92´44´´S 77° 32´18´´W,,,-2.545556,-77.538333,dms_directo,leida,discordante,poligono_gadm,46.11,93,FALSE,FALSE,FALSE,TRUE
1841013,5917,Pastaza,Pastaza,Bobonaza,01°92´44´´S 77°32´18´´W,,,-2.545556,-77.538333,dms_directo,leida,discordante,poligono_gadm,46.11,93,FALSE,FALSE,FALSE,TRUE
1841019,5923,Pastaza,Pastaza,Bobonaza,01°92´44´´S 77°32´18´´W,,,-2.545556,-77.538333,dms_directo,leida,discordante,poligono_gadm,46.11,93,FALSE,FALSE,FALSE,TRUE
1841020,5924,Pastaza,Pastaza,Bobonaza,01°92´44´´S 77°32´18´´W,,,-2.545556,-77.538333,dms_directo,leida,discordante,poligono_gadm,46.11,93,FALSE,FALSE,FALSE,TRUE
1841061,5965,Pastaza,Pastaza,Bobonaza,01°92´44´´S 77°32´18´´W,,,-2.545556,-77.538333,dms_directo,leida,discordante,poligono_gadm,46.11,93,FALSE,FALSE,FALSE,TRUE
1841085,5989,Pastaza,Pastaza,Bobonaza,01°92´44´´S 77°32´18´´W,,,-2.545556,-77.538333,dms_directo,leida,discordante,poligono_gadm,46.11,93,FALSE,FALSE,FALSE,TRUE
1841123,6027,Pastaza,Pastaza,Bobonaza,01°92´44´´S 77°32´18´´W,,,-2.545556,-77.538333,dms_directo,leida,discordante,poligono_gadm,46.11,93,FALSE,FALSE,FALSE,TRUE
1841137,6041,Morona Santiago,,Munchimkim,,-0.36903,-75.6590204,-0.36903,-75.65902,original,leida,discordante,poligono_gadm,270.24,351.3,FALSE,FALSE,FALSE,FALSE
1841138,6042,Morona Santiago,,Munchimkim,374445/9956142,,,-0.39672,-76.128285,utm_zona_32718,convertida,discordante,poligono_gadm,238.09,308.5,TRUE,TRUE,FALSE,FALSE
1841224,6128,Pastaza,,Sarayaku,,-1.7422,-77.974167,-1.7422,-77.974167,original,leida,discordante,poligono_gadm,7.47,55.7,FALSE,FALSE,FALSE,FALSE
1841521,6425,Pichincha,,Comunidad Cocotog,0787838 / 99.83656,,,,,irreparable,sin_coordenada,,,,,FALSE,FALSE,FALSE,FALSE
1841522,6426,Pichincha,,Comunidad Cocotog,0787838 / 99.83656,,,,,irreparable,sin_coordenada,,,,,FALSE,FALSE,FALSE,FALSE
1841523,6427,Pichincha,,Comunidad Cocotog,0787838 / 99.83656,,,,,irreparable,sin_coordenada,,,,,FALSE,FALSE,FALSE,FALSE
681169,5,Sucumbíos,Shushufindi,Canoa Estero Salobre,-0.459992° -80.454897°,-0.459992,-80.454897,-0.459992,-80.454897,original,leida,discordante,poligono_gadm,282.53,466.1,TRUE,TRUE,FALSE,FALSE
681280,6,Sucumbíos,Shushufindi,Canoa Estero Salobre,-0.459992° -80.454897°,-0.459992,-80.454897,-0.459992,-80.454897,original,leida,discordante,poligono_gadm,282.53,466.1,TRUE,TRUE,FALSE,FALSE
681314,63,Galápagos,Santa Cruz,Isla Marchena,-0.535185° -90.822260°,-0.535185,-90.82226,-0.535185,-90.82226,original,leida,fuera_de_tierra_firme,poligono_gadm,11.26,0,FALSE,FALSE,FALSE,FALSE
681347,66,Galápagos,,Varios Sitios,-0.535185° -90.822260°,-0.535185,-90.82226,-0.535185,-90.82226,original,leida,fuera_de_tierra_firme,poligono_gadm,11.26,0,FALSE,FALSE,FALSE,FALSE
681358,67,Galápagos,,Varios Sitios,-0.535185° -90.822260°,-0.535185,-90.82226,-0.535185,-90.82226,original,leida,fuera_de_tierra_firme,poligono_gadm,11.26,0,FALSE,FALSE,FALSE,FALSE
681369,68,Galápagos,Santa Cruz,Isla Marchena,-0.535185° -90.822260°,-0.535185,-90.82226,-0.535185,-90.82226,original,leida,fuera_de_tierra_firme,poligono_gadm,11.26,0,FALSE,FALSE,FALSE,FALSE
681380,69,Galápagos,,Varios Sitios,-0.960138° -90.750685°,-0.960138,-90.750685,-0.960138,-90.750685,original,leida,fuera_de_tierra_firme,poligono_gadm,12,48,FALSE,FALSE,FALSE,FALSE
681392,70,Galápagos,Isabela,Punta Espinoza,-0.960138° -90.750685°,-0.960138,-90.750685,-0.960138,-90.750685,original,leida,fuera_de_tierra_firme,poligono_gadm,12,48,FALSE,FALSE,FALSE,FALSE
681403,71,Galápagos,,Varios Sitios,-0.535185° -90.822260°,-0.535185,-90.82226,-0.535185,-90.82226,original,leida,fuera_de_tierra_firme,poligono_gadm,11.26,0,FALSE,FALSE,FALSE,FALSE
681447,75,Orellana,Shushufindi,Sureste de Shushufindi,-0.285390° -76.441282°,-0.28539,-76.441282,-0.28539,-76.441282,original,leida,discordante,poligono_gadm,18.72,82.7,FALSE,FALSE,FALSE,FALSE
677806,1489,Guayas,Daule,Oeste de Vinces,-1.557533° -79.758014°,-1.557533,-79.758014,-1.557533,-79.758014,original,leida,discordante,poligono_gadm,10.71,88.3,TRUE,TRUE,FALSE,FALSE
678191,1814,Pichincha,,Malimpia Chico,0.133663° -76.652616°,0.133663,-76.652616,0.133663,-76.652616,original,leida,discordante,poligono_gadm,132.51,236,TRUE,TRUE,FALSE,FALSE
678192,1815,Pichincha,,Malimpia Chico,0.133663° -76.652616°,0.133663,-76.652616,0.133663,-76.652616,original,leida,discordante,poligono_gadm,132.51,236,TRUE,TRUE,FALSE,FALSE
678991,2534,Loreto,Maynas,Distrito: Torres Causana Estero en campamento 2 Trocha 2,-0.565725° -75.205312°,-0.565725,-75.205312,-0.565725,-75.205312,original_transfronterizo,leida,coherente,poligono_gadm,0,,TRUE,TRUE,FALSE,FALSE
678992,2535,Loreto,Maynas,Distrito: Torres Causana Estero en campamento 2 Trocha 2,-0.565725° -75.205312°,-0.565725,-75.205312,-0.565725,-75.205312,original_transfronterizo,leida,coherente,poligono_gadm,0,,TRUE,TRUE,FALSE,FALSE
678993,2536,Loreto,Maynas,Distrito: Torres Causana Estero en campamento 2 Trocha 2,-0.565725° -75.205312°,-0.565725,-75.205312,-0.565725,-75.205312,original_transfronterizo,leida,coherente,poligono_gadm,0,,TRUE,TRUE,FALSE,FALSE
678994,2537,Loreto,Maynas,Distrito: Torres Causana Estero en campamento 2 Trocha 2,-0.565725° -75.205312°,-0.565725,-75.205312,-0.565725,-75.205312,original_transfronterizo,leida,coherente,poligono_gadm,0,,TRUE,TRUE,FALSE,FALSE
678995,2538,Loreto,Maynas,Distrito: Torres Causana Estero en campamento 2 Trocha 2,-0.565725° -75.205312°,-0.565725,-75.205312,-0.565725,-75.205312,original_transfronterizo,leida,coherente,poligono_gadm,0,,TRUE,TRUE,FALSE,FALSE
679467,2942,,,,,0.8205,-79.9737,0.8205,-79.9737,original,leida,no_evaluable,sin_provincia_declarada,,,FALSE,FALSE,FALSE,FALSE
679536,3003,Sucumbíos,Putumayo,Quebrada Miraflores,-0.046581° -78.634917°,-0.046581,-78.634917,-0.046581,-78.634917,original,leida,discordante,poligono_gadm,75.01,261.2,FALSE,FALSE,FALSE,FALSE
679538,3005,Sucumbíos,Putumayo,Quebrada Santa Rosa,-0.035726° -78.706830°,-0.035726,-78.70683,-0.035726,-78.70683,original,leida,discordante,poligono_gadm,82.56,269.2,FALSE,FALSE,FALSE,FALSE
679583,3046,Morona Santiago,,Río Jurumbano granja del CREA,-0.455636° -75.353864°,-0.455636,-75.353864,-0.455636,-75.353864,original,leida,discordante,poligono_gadm,279.45,374.1,FALSE,FALSE,FALSE,FALSE
679584,3047,Morona Santiago,,Río Jurumbano granja del CREA,-0.455636° -75.353864°,-0.455636,-75.353864,-0.455636,-75.353864,original,leida,discordante,poligono_gadm,279.45,374.1,FALSE,FALSE,FALSE,FALSE
679590,3052,Carchi,Espejo,Reserva Ecológica El Ángel Laguna El Voladero,-0.455956° -75.353747°,-0.455956,-75.353747,-0.455956,-75.353747,original,leida,discordante,poligono_gadm,272.13,393.3,TRUE,TRUE,FALSE,FALSE
679597,3059,Pastaza,,Río Cabeno bajo La Bonita,-0.123333° -77.401944°,-0.123333,-77.401944,-0.123333,-77.401944,original,leida,discordante,poligono_gadm,102.1,177.1,FALSE,FALSE,FALSE,FALSE
679599,3060,Pastaza,,Río Cabeno bajo La Bonita,-0.123333° -77.401944°,-0.123333,-77.401944,-0.123333,-77.401944,original,leida,discordante,poligono_gadm,102.1,177.1,FALSE,FALSE,FALSE,FALSE
679600,3061,Pastaza,,Río Cabeno bajo La Bonita,-0.123333° -77.401944°,-0.123333,-77.401944,-0.123333,-77.401944,original,leida,discordante,poligono_gadm,102.1,177.1,FALSE,FALSE,FALSE,FALSE
679636,3094,,,Sansahuari,0.214115° -76.274799°,0.214115,-76.274799,0.214115,-76.274799,original,leida,no_evaluable,sin_provincia_declarada,,,TRUE,TRUE,FALSE,FALSE
679637,3095,,,Sansahuari,0.214115° -76.274799°,0.214115,-76.274799,0.214115,-76.274799,original,leida,no_evaluable,sin_provincia_declarada,,,TRUE,TRUE,FALSE,FALSE
679638,3096,Pastaza,,Sansahuari,0.214115° -76.274799°,0.214115,-76.274799,0.214115,-76.274799,original,leida,discordante,poligono_gadm,143.63,252.6,TRUE,TRUE,FALSE,FALSE
679639,3097,Tungurahua,,Río Pastaza,0.214115° -76.274799°,0.214115,-76.274799,0.214115,-76.274799,original,leida,discordante,poligono_gadm,257.44,279.8,TRUE,TRUE,FALSE,FALSE
679640,3098,Tungurahua,,Río Pastaza,0.214115° -76.274799°,0.214115,-76.274799,0.214115,-76.274799,original,leida,discordante,poligono_gadm,257.44,279.8,TRUE,TRUE,FALSE,FALSE
679641,3099,Tungurahua,,Río Pastaza,0.214115° -76.274799°,0.214115,-76.274799,0.214115,-76.274799,original,leida,discordante,poligono_gadm,257.44,279.8,TRUE,TRUE,FALSE,FALSE
679650,3106,Pastaza,,Río Zuñac-Tigre,-1.373911° -78.187222°,-1.373911,-78.187222,-1.373911,-78.187222,original,leida,discordante,poligono_gadm,5.05,87.8,FALSE,FALSE,FALSE,FALSE
679661,3116,Morona Santiago,Morona,Río Abanico (Hidroeléctrica),-1.436321° -78.165466°,-1.436321,-78.165466,-1.436321,-78.165466,original,leida,coherente,poligono_gadm,1.35,87.7,TRUE,TRUE,FALSE,FALSE
679850,3287,Sucumbíos,,Río Simanwe,-2.221706° -76.280000°,-2.221706,-76.28,-2.221706,-76.28,original,leida,discordante,poligono_gadm,187.65,242.3,FALSE,FALSE,FALSE,FALSE
679851,3288,Sucumbíos,,Lago Agrio La Balzareña Río Chanangue,-2.221706° -76.615298°,-2.221706,-76.615298,-2.221706,-76.615298,original,leida,discordante,poligono_gadm,190.92,245,FALSE,FALSE,FALSE,FALSE
679858,3294,Morona Santiago,Morona,Río Upano (9 de Octubre),0.202292° -78.246967°,0.202292,-78.246967,0.202292,-78.246967,original,leida,discordante,poligono_gadm,183.7,269.9,FALSE,FALSE,FALSE,FALSE
679859,3295,Morona Santiago,Morona,Río Upano (9 de Octubre),0.208747° -78.246967°,0.208747,-78.246967,0.208747,-78.246967,original,leida,discordante,poligono_gadm,184.42,270.7,FALSE,FALSE,FALSE,FALSE
679921,3350,Santo Domingo de los Tsáchilas,La Concordia,Río Blanco 1,-0.002019° -78.888828°,-0.002019,-78.888828,-0.002019,-78.888828,original,leida,discordante,poligono_gadm,11.65,41.5,FALSE,FALSE,FALSE,FALSE
680011,3431,El Oro,,Río Cochurco,-3.872997° -80.037728°,-3.872997,-80.037728,-3.872997,-80.037728,original,leida,coherente,poligono_gadm,0.05,38.5,TRUE,TRUE,FALSE,FALSE
680100,3511,El Oro,,Río Santa Rosa,0.382519° -78.299061°,0.382519,-78.299061,0.382519,-78.299061,original,leida,discordante,poligono_gadm,416.13,474,FALSE,FALSE,FALSE,FALSE
680103,3514,Napo,,Río Napo,-0.363411° -75.685774°,-0.363411,-75.685774,-0.363411,-75.685774,original,leida,discordante,poligono_gadm,161.07,242.7,TRUE,TRUE,FALSE,FALSE
680104,3515,Imbabura,,Río Coriyacu,-1.436926° -78.105568°,-1.436926,-78.105568,-1.436926,-78.105568,original,leida,discordante,poligono_gadm,173.8,243.9,FALSE,FALSE,FALSE,FALSE
680107,3518,Pastaza,,Laguna Yanayacu-Chunda Muyuna,3792001 / 9777000,,,,,irreparable,sin_coordenada,,,,,FALSE,FALSE,FALSE,FALSE
680108,3519,Pastaza,,Laguna Yanayacu-Chunda Muyuna,3792001 / 9777000,,,,,irreparable,sin_coordenada,,,,,FALSE,FALSE,FALSE,FALSE
680133,3520,Pastaza,,Laguna Yanayacu-Chunda Muyuna,3792001 / 9777000,,,,,irreparable,sin_coordenada,,,,,FALSE,FALSE,FALSE,FALSE
680134,3521,Pastaza,,Laguna Yanayacu-Chunda Muyuna,3792001 / 9777000,,,,,irreparable,sin_coordenada,,,,,FALSE,FALSE,FALSE,FALSE
680135,3522,Pastaza,,Laguna Yanayacu-Chunda Muyuna,3792001 / 9777000,,,,,irreparable,sin_coordenada,,,,,FALSE,FALSE,FALSE,FALSE
680136,3523,Pastaza,,Laguna Yanayacu-Chunda Muyuna,3792001 / 9777000,,,,,irreparable,sin_coordenada,,,,,FALSE,FALSE,FALSE,FALSE
680137,3524,Pastaza,,Laguna Yanayacu-Chunda Muyuna,3792001 / 9777000,,,,,irreparable,sin_coordenada,,,,,FALSE,FALSE,FALSE,FALSE
680138,3525,Pastaza,,Laguna Yanayacu-Chunda Muyuna,3792001 / 9777000,,,,,irreparable,sin_coordenada,,,,,FALSE,FALSE,FALSE,FALSE
680139,3526,Pastaza,,Río Yanayacu-Unucpiyacu,38200 / 977000,,,,,irreparable,sin_coordenada,,,,,FALSE,FALSE,FALSE,FALSE
680140,3527,Pastaza,,Riachuelo S/N. Cuenca del río,642276 / 9661336,,,-3.063202,-79.719691,utm_zona_32717,convertida,discordante,poligono_gadm,243.71,291.4,FALSE,FALSE,FALSE,FALSE
680208,3589,Pastaza,,Shiguara Cocha,365658 / 9890000,,,-0.994981,-76.207389,utm_zona_32718,convertida,discordante,poligono_gadm,32.17,162,FALSE,FALSE,FALSE,FALSE
680210,3590,Pastaza,,Shiguara Cocha,365658 / 9890000,,,-0.994981,-76.207389,utm_zona_32718,convertida,discordante,poligono_gadm,32.17,162,FALSE,FALSE,FALSE,FALSE
680211,3591,Pastaza,,Shiguara Cocha,365658 / 9890000,,,-0.994981,-76.207389,utm_zona_32718,convertida,discordante,poligono_gadm,32.17,162,FALSE,FALSE,FALSE,FALSE
680404,3765,Orellana,,Quebrada Sune,"00°25'28,40'' 75°25'76,40''",0.416667,-28.666667,0.424556,-75.437889,dms_neg_lon_ambiguo,inferida,discordante,poligono_gadm,100.03,145.4,FALSE,FALSE,TRUE,TRUE
680517,3867,Pastaza,,Bariza Jita,1°35´ / 79°52´,,,-1.583333,-79.866667,dms_neg_ambos,inferida,discordante,poligono_gadm,188.31,266.6,FALSE,FALSE,FALSE,FALSE
680526,3875,El Oro,,Río Bonito,638800 / 9956191,,,-0.396259,-79.752709,utm_zona_32717,convertida,discordante,poligono_gadm,294.97,355,FALSE,FALSE,FALSE,FALSE
680527,3876,El Oro,,Río Bonito,638800 / 9956191,,,-0.396259,-79.752709,utm_zona_32717,convertida,discordante,poligono_gadm,294.97,355,FALSE,FALSE,FALSE,FALSE
680528,3877,El Oro,,Río Bonito,638800 / 9956191,,,-0.396259,-79.752709,utm_zona_32717,convertida,discordante,poligono_gadm,294.97,355,FALSE,FALSE,FALSE,FALSE
680529,3878,El Oro,,Río Bonito,638800 / 9956191,,,-0.396259,-79.752709,utm_zona_32717,convertida,discordante,poligono_gadm,294.97,355,FALSE,FALSE,FALSE,FALSE
680530,3879,El Oro,,Río Bonito,638800 / 9956191,,,-0.396259,-79.752709,utm_zona_32717,convertida,discordante,poligono_gadm,294.97,355,FALSE,FALSE,FALSE,FALSE
680550,3897,El Oro,,Río Arenillas,61219 / 9599417,,,,,irreparable,sin_coordenada,,,,,FALSE,FALSE,FALSE,FALSE
680551,3898,El Oro,,Río Arenillas,61219 / 9599417,,,,,irreparable,sin_coordenada,,,,,FALSE,FALSE,FALSE,FALSE
680552,3899,El Oro,,Río Arenillas,61219 / 9599417,,,,,irreparable,sin_coordenada,,,,,FALSE,FALSE,FALSE,FALSE
680555,3900,El Oro,,Río Arenillas,61219 / 9599417,,,,,irreparable,sin_coordenada,,,,,FALSE,FALSE,FALSE,FALSE
680556,3901,El Oro,,Río Sector La Cuca,65536 / 9612584,,,,,irreparable,sin_coordenada,,,,,FALSE,FALSE,FALSE,FALSE
680557,3902,El Oro,,Río Sector La Cuca,65536 / 9612584,,,,,irreparable,sin_coordenada,,,,,FALSE,FALSE,FALSE,FALSE
680558,3903,El Oro,,Río Sector La Cuca,65536 / 9612584,,,,,irreparable,sin_coordenada,,,,,FALSE,FALSE,FALSE,FALSE
680559,3904,El Oro,,Río Sector La Cuca,65536 / 9612584,,,,,irreparable,sin_coordenada,,,,,FALSE,FALSE,FALSE,FALSE
680560,3905,El Oro,,Río Sector La Cuca,65536 / 9612584,,,,,irreparable,sin_coordenada,,,,,FALSE,FALSE,FALSE,FALSE
680561,3906,El Oro,,Río Sector La Cuca,65536 / 9612584,,,,,irreparable,sin_coordenada,,,,,FALSE,FALSE,FALSE,FALSE
680562,3907,El Oro,,Río Sector La Cuca,65536 / 9612584,,,,,irreparable,sin_coordenada,,,,,FALSE,FALSE,FALSE,FALSE
680563,3908,El Oro,,Río Sector La Cuca,65536 / 9612584,,,,,irreparable,sin_coordenada,,,,,FALSE,FALSE,FALSE,FALSE
680564,3909,El Oro,,Río Sector La Cuca,65536 / 9612584,,,,,irreparable,sin_coordenada,,,,,FALSE,FALSE,FALSE,FALSE
680566,3910,El Oro,,Río Amarillo,66243 / 9596310,,,,,irreparable,sin_coordenada,,,,,FALSE,FALSE,FALSE,FALSE
680567,3911,El Oro,,Río Amarillo,66243 / 9596310,,,,,irreparable,sin_coordenada,,,,,FALSE,FALSE,FALSE,FALSE
680568,3912,El Oro,,Río Amarillo,66243 / 9596310,,,,,irreparable,sin_coordenada,,,,,FALSE,FALSE,FALSE,FALSE
680569,3913,El Oro,,Río Amarillo,66243 / 9596310,,,,,irreparable,sin_coordenada,,,,,FALSE,FALSE,FALSE,FALSE
680571,3915,El Oro,,Río Ortega,66014 / 9595684,,,,,irreparable,sin_coordenada,,,,,FALSE,FALSE,FALSE,FALSE
680572,3916,El Oro,,Río Ortega,66014 / 9595684,,,,,irreparable,sin_coordenada,,,,,FALSE,FALSE,FALSE,FALSE
680573,3917,El Oro,,Río Ortega,66014 / 9595684,,,,,irreparable,sin_coordenada,,,,,FALSE,FALSE,FALSE,FALSE
680583,3926,Esmeraldas,,Mindo,"78°46´29,34 00°03´ 28,92",,,0.058033,-78.774817,sin_hemisferio_swap_neg_lon_ambiguo,inferida,discordante,poligono_gadm,36.64,124.5,FALSE,FALSE,TRUE,FALSE
680584,3927,Esmeraldas,,Mindo,"78°46´29,35 00°03´ 28,93",,,0.058036,-78.774819,sin_hemisferio_swap_neg_lon_ambiguo,inferida,discordante,poligono_gadm,36.64,124.5,FALSE,FALSE,TRUE,FALSE
680691,4022,Orellana,,Yuca Sur 19,302930 / 9440090,,,-5.063108,-76.777627,utm_zona_32718,convertida,discordante,poligono_gadm,412.44,484.8,FALSE,FALSE,FALSE,FALSE
680692,4023,Orellana,,Yuca Sur 19,302930 / 9440090,,,-5.063108,-76.777627,utm_zona_32718,convertida,discordante,poligono_gadm,412.44,484.8,FALSE,FALSE,FALSE,FALSE
680693,4024,Orellana,,Yuca Sur 19,302930 / 9440090,,,-5.063108,-76.777627,utm_zona_32718,convertida,discordante,poligono_gadm,412.44,484.8,FALSE,FALSE,FALSE,FALSE
680694,4025,Orellana,,Yuca Sur 19,302930 / 9440090,,,-5.063108,-76.777627,utm_zona_32718,convertida,discordante,poligono_gadm,412.44,484.8,FALSE,FALSE,FALSE,FALSE
680703,4033,Pastaza,,Río Amondalo,17828629 / 9809829,,,,,irreparable,sin_coordenada,,,,,FALSE,FALSE,FALSE,FALSE
680705,4035,Pastaza,,Río Bobonaza,18193103 / 9823038,,,,,irreparable,sin_coordenada,,,,,FALSE,FALSE,FALSE,FALSE
680707,4037,Sucumbíos,,Quebrada S/N,180260876 / 0032607,,,,,irreparable,sin_coordenada,,,,,FALSE,FALSE,FALSE,FALSE
680827,4145,,,,00°34'16.7''S 75°13'09.2''W,,,-0.571306,-75.219222,verbatim_transfronterizo,leida,no_evaluable,sin_provincia_declarada,,,FALSE,FALSE,FALSE,FALSE
680834,4151,Sucumbíos,,,00°14'29.3''N 077°34'073''W,,,0.241472,-77.586944,dms_directo,leida,coherente,poligono_gadm,0,148,FALSE,FALSE,FALSE,TRUE
680861,4176,Esmeraldas,,Estero Cadial,912342 / 79585624,,,,,irreparable,sin_coordenada,,,,,FALSE,FALSE,FALSE,FALSE
680862,4177,Esmeraldas,,Estero Cadial,912342 / 79585624,,,,,irreparable,sin_coordenada,,,,,FALSE,FALSE,FALSE,FALSE
680863,4178,Esmeraldas,,Estero Cadial,912342 / 79585624,,,,,irreparable,sin_coordenada,,,,,FALSE,FALSE,FALSE,FALSE
680869,4183,Galápagos,,,00°43'40.2'' / 90°39'54.32'',,,0.727833,-90.665089,dms_neg_lon_ambiguo,inferida,fuera_de_tierra_firme,poligono_gadm,14.61,141.7,FALSE,FALSE,TRUE,FALSE
680870,4184,Manabí,,,00°57'075'' / 80°42'32.73'',,,-0.970833,-80.709092,sin_hemisferio_neg_ambos,inferida,coherente,poligono_gadm,0,26.5,FALSE,FALSE,FALSE,TRUE
680873,4187,Galápagos,,,01°40'45.55 / 71°54'53'',,,,,irreparable,sin_coordenada,,,,,FALSE,FALSE,FALSE,FALSE
680875,4189,Galápagos,,,01°49'12.194'' / 91°49'12.149'',,,1.820054,-91.820041,dms_neg_lon,inferida,fuera_de_tierra_firme,poligono_gadm,25.26,284.7,FALSE,FALSE,FALSE,FALSE
680882,4195,Manabí,,,00°54'5.8'' / 90°38'52'',,,0.901611,-90.647778,sin_hemisferio_neg_lon_ambiguo,inferida,discordante,poligono_gadm,1090.51,1146.7,FALSE,FALSE,TRUE,FALSE
680902,4212,El Oro,Santa Rosa,Río Las Chontas,3°55'64''S / 79°48'15''W,,,-3.934444,-79.804167,dms_directo,leida,discordante,poligono_gadm,9.92,39.3,FALSE,FALSE,FALSE,TRUE
680903,4213,El Oro,Santa Rosa,Río Las Chontas,3°55'64''S / 79°48'15''W,,,-3.934444,-79.804167,dms_directo,leida,discordante,poligono_gadm,9.92,39.3,FALSE,FALSE,FALSE,TRUE
680913,4222,Esmeraldas,,,78.28°W / 01.27°N / 00.01°S,,,,,irreparable,sin_coordenada,,,,,FALSE,FALSE,FALSE,FALSE
680914,4223,Esmeraldas,,,78.28°W / 01.27°N / 00.01°S,,,,,irreparable,sin_coordenada,,,,,FALSE,FALSE,FALSE,FALSE
680915,4224,Esmeraldas,,,78.28°W / 01.27°N / 00.01°S,,,,,irreparable,sin_coordenada,,,,,FALSE,FALSE,FALSE,FALSE
680916,4225,Esmeraldas,,,78.28°W / 01.27°N / 00.01°S,,,,,irreparable,sin_coordenada,,,,,FALSE,FALSE,FALSE,FALSE
680917,4226,Esmeraldas,,,78.28°W / 01.27°N / 00.01°S,,,,,irreparable,sin_coordenada,,,,,FALSE,FALSE,FALSE,FALSE
680918,4227,Esmeraldas,,,78.28°W / 01.27°N / 00.01°S,,,,,irreparable,sin_coordenada,,,,,FALSE,FALSE,FALSE,FALSE
680929,4237,El Oro,Santa Rosa,Río Santa Rosa,3°53'3''S / 79°52'15''W,,,-3.884167,-79.870833,dms_directo,leida,discordante,poligono_gadm,6.52,33.5,FALSE,FALSE,FALSE,FALSE
680930,4238,El Oro,Santa Rosa,Río Santa Rosa,3°53'3''S / 79°52'15''W,,,-3.884167,-79.870833,dms_directo,leida,discordante,poligono_gadm,6.52,33.5,FALSE,FALSE,FALSE,FALSE
680939,4246,El Oro,Santa Rosa,Río El Placer,3650437 / 79.787979,,,,,irreparable,sin_coordenada,,,,,FALSE,FALSE,FALSE,FALSE
680940,4247,Pastaza,,Río Villano,01°23'12''S / 79°57'22''W,,,-1.386667,-79.956111,dms_directo,leida,discordante,poligono_gadm,197.78,278.6,FALSE,FALSE,FALSE,FALSE
680970,4274,Morona Santiago,Méndez,Cutucú,2°46'47.72''S / 79°9'20''O,,,-2.779922,-79.155556,dms_directo,leida,discordante,poligono_gadm,59.9,121.8,FALSE,FALSE,FALSE,FALSE
680986,4289,Manabí,Manta,,"0°52'34,63'' 80°48'18,68''",,,0.876286,-80.805189,dms_neg_lon_ambiguo,inferida,discordante,poligono_gadm,102.19,196.5,FALSE,FALSE,TRUE,FALSE
681058,4353,Morona Santiago,Limón Indanza,Río Yunquiaza,"-3,0516-26/-78,201161",,,,,irreparable,sin_coordenada,,,,,FALSE,FALSE,FALSE,FALSE
681059,4354,Morona Santiago,Limón Indanza,Río Yunquiaza,"-3,0516-26/-78,201161",,,,,irreparable,sin_coordenada,,,,,FALSE,FALSE,FALSE,FALSE
681060,4355,Imbabura,San Miguel de Urcuquí,Río San José,"0680352/-78,346921",,,,,irreparable,sin_coordenada,,,,,FALSE,FALSE,FALSE,FALSE
681061,4356,Imbabura,San Miguel de Urcuquí,Río San José,"0680352/-78,346921",,,,,irreparable,sin_coordenada,,,,,FALSE,FALSE,FALSE,FALSE
681062,4357,Imbabura,San Miguel de Urcuquí,Río San José,0691402/-78366977,,,,,irreparable,sin_coordenada,,,,,FALSE,FALSE,FALSE,FALSE
