catalogNumber,id,bloque,regla,campos,valores,severidad,destino
100,677264,geografia,"canton homonimo de su provincia (verificado, no es error)",county | stateProvince,Orellana,informativa,propio
1000,677265,geografia,"canton homonimo de su provincia (verificado, no es error)",county | stateProvince,Pastaza,informativa,propio
1001,677266,geografia,"canton homonimo de su provincia (verificado, no es error)",county | stateProvince,Pastaza,informativa,propio
1002,677267,geografia,"canton homonimo de su provincia (verificado, no es error)",county | stateProvince,Pastaza,informativa,propio
1003,677268,geografia,"canton homonimo de su provincia (verificado, no es error)",county | stateProvince,Pastaza,informativa,propio
1004,677269,geografia,"canton homonimo de su provincia (verificado, no es error)",county | stateProvince,Pastaza,informativa,propio
1005,677270,geografia,"canton homonimo de su provincia (verificado, no es error)",county | stateProvince,Pastaza,informativa,propio
1006,677271,geografia,"canton homonimo de su provincia (verificado, no es error)",county | stateProvince,Pastaza,informativa,propio
1007,677272,geografia,"canton homonimo de su provincia (verificado, no es error)",county | stateProvince,Pastaza,informativa,propio
1008,677273,geografia,"canton homonimo de su provincia (verificado, no es error)",county | stateProvince,Pastaza,informativa,propio
1009,677274,geografia,"canton homonimo de su provincia (verificado, no es error)",county | stateProvince,Pastaza,informativa,propio
101,677275,geografia,"canton homonimo de su provincia (verificado, no es error)",county | stateProvince,Orellana,informativa,propio
1010,677276,geografia,"canton homonimo de su provincia (verificado, no es error)",county | stateProvince,Pastaza,informativa,propio
1011,677277,geografia,"canton homonimo de su provincia (verificado, no es error)",county | stateProvince,Pastaza,informativa,propio
1012,677278,geografia,"canton homonimo de su provincia (verificado, no es error)",county | stateProvince,Pastaza,informativa,propio
1013,677279,geografia,"canton homonimo de su provincia (verificado, no es error)",county | stateProvince,Pastaza,informativa,propio
1014,677280,geografia,"canton homonimo de su provincia (verificado, no es error)",county | stateProvince,Pastaza,informativa,propio
1015,677281,geografia,"canton homonimo de su provincia (verificado, no es error)",county | stateProvince,Pastaza,informativa,propio
1016,677282,geografia,"canton homonimo de su provincia (verificado, no es error)",county | stateProvince,Pastaza,informativa,propio
1017,677283,geografia,"canton homonimo de su provincia (verificado, no es error)",county | stateProvince,Pastaza,informativa,propio
1018,677284,geografia,"canton homonimo de su provincia (verificado, no es error)",county | stateProvince,Pastaza,informativa,propio
1019,677285,geografia,"canton homonimo de su provincia (verificado, no es error)",county | stateProvince,Pastaza,informativa,propio
102,677286,geografia,"canton homonimo de su provincia (verificado, no es error)",county | stateProvince,Orellana,informativa,propio
1020,677287,geografia,"canton homonimo de su provincia (verificado, no es error)",county | stateProvince,Pastaza,informativa,propio
1021,677288,geografia,"canton homonimo de su provincia (verificado, no es error)",county | stateProvince,Pastaza,informativa,propio
1022,677289,geografia,"canton homonimo de su provincia (verificado, no es error)",county | stateProvince,Pastaza,informativa,propio
1023,677290,geografia,"canton homonimo de su provincia (verificado, no es error)",county | stateProvince,Pastaza,informativa,propio
1024,677291,geografia,"canton homonimo de su provincia (verificado, no es error)",county | stateProvince,Pastaza,informativa,propio
1025,677292,geografia,"canton homonimo de su provincia (verificado, no es error)",county | stateProvince,Pastaza,informativa,propio
1026,677293,geografia,"canton homonimo de su provincia (verificado, no es error)",county | stateProvince,Pastaza,informativa,propio
103,677297,geografia,"canton homonimo de su provincia (verificado, no es error)",county | stateProvince,Orellana,informativa,propio
104,677308,geografia,"canton homonimo de su provincia (verificado, no es error)",county | stateProvince,Orellana,informativa,propio
105,677319,geografia,"canton homonimo de su provincia (verificado, no es error)",county | stateProvince,Orellana,informativa,propio
106,677330,geografia,"canton homonimo de su provincia (verificado, no es error)",county | stateProvince,Orellana,informativa,propio
1067,677338,geografia,"canton homonimo de su provincia (verificado, no es error)",county | stateProvince,Pastaza,informativa,propio
1068,677339,geografia,"canton homonimo de su provincia (verificado, no es error)",county | stateProvince,Pastaza,informativa,propio
1069,677340,geografia,"canton homonimo de su provincia (verificado, no es error)",county | stateProvince,Pastaza,informativa,propio
107,677341,geografia,"canton homonimo de su provincia (verificado, no es error)",county | stateProvince,Orellana,informativa,propio
1070,677342,geografia,"canton homonimo de su provincia (verificado, no es error)",county | stateProvince,Pastaza,informativa,propio
1071,677343,geografia,"canton homonimo de su provincia (verificado, no es error)",county | stateProvince,Pastaza,informativa,propio
1072,677344,geografia,"canton homonimo de su provincia (verificado, no es error)",county | stateProvince,Pastaza,informativa,propio
1073,677345,geografia,"canton homonimo de su provincia (verificado, no es error)",county | stateProvince,Pastaza,informativa,propio
1074,677346,geografia,"canton homonimo de su provincia (verificado, no es error)",county | stateProvince,Pastaza,informativa,propio
1075,677347,geografia,"canton homonimo de su provincia (verificado, no es error)",county | stateProvince,Pastaza,informativa,propio
1076,677348,geografia,"canton homonimo de su provincia (verificado, no es error)",county | stateProvince,Pastaza,informativa,propio
1077,677349,geografia,"canton homonimo de su provincia (verificado, no es error)",county | stateProvince,Pastaza,informativa,propio
1078,677350,geografia,"canton homonimo de su provincia (verificado, no es error)",county | stateProvince,Pastaza,informativa,propio
1079,677351,geografia,"canton homonimo de su provincia (verificado, no es error)",county | stateProvince,Pastaza,informativa,propio
108,677352,geografia,"canton homonimo de su provincia (verificado, no es error)",county | stateProvince,Orellana,informativa,propio
1080,677353,geografia,"canton homonimo de su provincia (verificado, no es error)",county | stateProvince,Pastaza,informativa,propio
1081,677354,geografia,"canton homonimo de su provincia (verificado, no es error)",county | stateProvince,Loja,informativa,propio
109,677363,geografia,"canton homonimo de su provincia (verificado, no es error)",county | stateProvince,Orellana,informativa,propio
110,677375,geografia,"canton homonimo de su provincia (verificado, no es error)",county | stateProvince,Orellana,informativa,propio
111,677386,geografia,"canton homonimo de su provincia (verificado, no es error)",county | stateProvince,Orellana,informativa,propio
1114,677391,geografia,"canton homonimo de su provincia (verificado, no es error)",county | stateProvince,Sucumbíos,informativa,propio
1115,677392,geografia,"canton homonimo de su provincia (verificado, no es error)",county | stateProvince,Sucumbíos,informativa,propio
1117,677394,geografia,"canton homonimo de su provincia (verificado, no es error)",county | stateProvince,Sucumbíos,informativa,propio
1119,677396,geografia,"canton homonimo de su provincia (verificado, no es error)",county | stateProvince,Sucumbíos,informativa,propio
112,677397,geografia,"canton homonimo de su provincia (verificado, no es error)",county | stateProvince,Orellana,informativa,propio
1122,677400,geografia,"canton homonimo de su provincia (verificado, no es error)",county | stateProvince,Sucumbíos,informativa,propio
1125,677403,geografia,"canton homonimo de su provincia (verificado, no es error)",county | stateProvince,Pastaza,informativa,propio
1127,677405,geografia,"canton homonimo de su provincia (verificado, no es error)",county | stateProvince,Sucumbíos,informativa,propio
1128,677406,geografia,"canton homonimo de su provincia (verificado, no es error)",county | stateProvince,Sucumbíos,informativa,propio
113,677408,geografia,"canton homonimo de su provincia (verificado, no es error)",county | stateProvince,Orellana,informativa,propio
1131,677410,geografia,"canton homonimo de su provincia (verificado, no es error)",county | stateProvince,Sucumbíos,informativa,propio
1134,677413,geografia,"canton homonimo de su provincia (verificado, no es error)",county | stateProvince,Sucumbíos,informativa,propio
1136,677415,geografia,"canton homonimo de su provincia (verificado, no es error)",county | stateProvince,Sucumbíos,informativa,propio
1137,677416,geografia,"canton homonimo de su provincia (verificado, no es error)",county | stateProvince,Sucumbíos,informativa,propio
114,677419,geografia,"canton homonimo de su provincia (verificado, no es error)",county | stateProvince,Orellana,informativa,propio
1141,677421,geografia,"canton homonimo de su provincia (verificado, no es error)",county | stateProvince,Sucumbíos,informativa,propio
1142,677422,geografia,"canton homonimo de su provincia (verificado, no es error)",county | stateProvince,Sucumbíos,informativa,propio
1149,677429,geografia,"canton homonimo de su provincia (verificado, no es error)",county | stateProvince,Sucumbíos,informativa,propio
115,677430,geografia,"canton homonimo de su provincia (verificado, no es error)",county | stateProvince,Orellana,informativa,propio
1150,677431,geografia,"canton homonimo de su provincia (verificado, no es error)",county | stateProvince,Sucumbíos,informativa,propio
1159,677440,geografia,"canton homonimo de su provincia (verificado, no es error)",county | stateProvince,Sucumbíos,informativa,propio
1163,677445,geografia,"canton homonimo de su provincia (verificado, no es error)",county | stateProvince,Sucumbíos,informativa,propio
1164,677446,geografia,"canton homonimo de su provincia (verificado, no es error)",county | stateProvince,Sucumbíos,informativa,propio
1168,677450,geografia,"canton homonimo de su provincia (verificado, no es error)",county | stateProvince,Sucumbíos,informativa,propio
1169,677451,geografia,"canton homonimo de su provincia (verificado, no es error)",county | stateProvince,Sucumbíos,informativa,propio
1174,677457,geografia,"canton homonimo de su provincia (verificado, no es error)",county | stateProvince,Sucumbíos,informativa,propio
1175,677458,geografia,"canton homonimo de su provincia (verificado, no es error)",county | stateProvince,Sucumbíos,informativa,propio
1187,677471,geografia,"canton homonimo de su provincia (verificado, no es error)",county | stateProvince,Sucumbíos,informativa,propio
1188,677472,geografia,"canton homonimo de su provincia (verificado, no es error)",county | stateProvince,Sucumbíos,informativa,propio
1191,677476,geografia,"canton homonimo de su provincia (verificado, no es error)",county | stateProvince,Sucumbíos,informativa,propio
1192,677477,geografia,"canton homonimo de su provincia (verificado, no es error)",county | stateProvince,Sucumbíos,informativa,propio
1196,677481,geografia,"canton homonimo de su provincia (verificado, no es error)",county | stateProvince,Sucumbíos,informativa,propio
1198,677483,geografia,"canton homonimo de su provincia (verificado, no es error)",county | stateProvince,Sucumbíos,informativa,propio
153,677852,geografia,"canton homonimo de su provincia (verificado, no es error)",county | stateProvince,Orellana,informativa,propio
19,678285,geografia,"canton homonimo de su provincia (verificado, no es error)",county | stateProvince,Esmeraldas,informativa,propio
20,678397,geografia,"canton homonimo de su provincia (verificado, no es error)",county | stateProvince,Esmeraldas,informativa,propio
2116,678527,geografia,"canton homonimo de su provincia (verificado, no es error)",county | stateProvince,Esmeraldas,informativa,propio
2117,678528,geografia,"canton homonimo de su provincia (verificado, no es error)",county | stateProvince,Esmeraldas,informativa,propio
2118,678529,geografia,"canton homonimo de su provincia (verificado, no es error)",county | stateProvince,Esmeraldas,informativa,propio
2119,678530,geografia,"canton homonimo de su provincia (verificado, no es error)",county | stateProvince,Esmeraldas,informativa,propio
2120,678532,geografia,"canton homonimo de su provincia (verificado, no es error)",county | stateProvince,Esmeraldas,informativa,propio
2121,678533,geografia,"canton homonimo de su provincia (verificado, no es error)",county | stateProvince,Esmeraldas,informativa,propio
2122,678534,geografia,"canton homonimo de su provincia (verificado, no es error)",county | stateProvince,Esmeraldas,informativa,propio
2123,678535,geografia,"canton homonimo de su provincia (verificado, no es error)",county | stateProvince,Esmeraldas,informativa,propio
2124,678536,geografia,"canton homonimo de su provincia (verificado, no es error)",county | stateProvince,Esmeraldas,informativa,propio
2125,678537,geografia,"canton homonimo de su provincia (verificado, no es error)",county | stateProvince,Esmeraldas,informativa,propio
2126,678538,geografia,"canton homonimo de su provincia (verificado, no es error)",county | stateProvince,Esmeraldas,informativa,propio
2127,678539,geografia,"canton homonimo de su provincia (verificado, no es error)",county | stateProvince,Esmeraldas,informativa,propio
2128,678540,geografia,"canton homonimo de su provincia (verificado, no es error)",county | stateProvince,Esmeraldas,informativa,propio
2129,678541,geografia,"canton homonimo de su provincia (verificado, no es error)",county | stateProvince,Esmeraldas,informativa,propio
2130,678543,geografia,"canton homonimo de su provincia (verificado, no es error)",county | stateProvince,Esmeraldas,informativa,propio
2131,678544,geografia,"canton homonimo de su provincia (verificado, no es error)",county | stateProvince,Esmeraldas,informativa,propio
2132,678545,geografia,"canton homonimo de su provincia (verificado, no es error)",county | stateProvince,Esmeraldas,informativa,propio
2133,678546,geografia,"canton homonimo de su provincia (verificado, no es error)",county | stateProvince,Esmeraldas,informativa,propio
2134,678547,geografia,"canton homonimo de su provincia (verificado, no es error)",county | stateProvince,Esmeraldas,informativa,propio
2135,678548,geografia,"canton homonimo de su provincia (verificado, no es error)",county | stateProvince,Esmeraldas,informativa,propio
2136,678549,geografia,"canton homonimo de su provincia (verificado, no es error)",county | stateProvince,Esmeraldas,informativa,propio
2137,678550,geografia,"canton homonimo de su provincia (verificado, no es error)",county | stateProvince,Esmeraldas,informativa,propio
2138,678551,geografia,"canton homonimo de su provincia (verificado, no es error)",county | stateProvince,Esmeraldas,informativa,propio
2139,678552,geografia,"canton homonimo de su provincia (verificado, no es error)",county | stateProvince,Esmeraldas,informativa,propio
2140,678554,geografia,"canton homonimo de su provincia (verificado, no es error)",county | stateProvince,Esmeraldas,informativa,propio
2141,678555,geografia,"canton homonimo de su provincia (verificado, no es error)",county | stateProvince,Esmeraldas,informativa,propio
2142,678556,geografia,"canton homonimo de su provincia (verificado, no es error)",county | stateProvince,Esmeraldas,informativa,propio
2143,678557,geografia,"canton homonimo de su provincia (verificado, no es error)",county | stateProvince,Esmeraldas,informativa,propio
2144,678558,geografia,"canton homonimo de su provincia (verificado, no es error)",county | stateProvince,Esmeraldas,informativa,propio
2145,678559,geografia,"canton homonimo de su provincia (verificado, no es error)",county | stateProvince,Esmeraldas,informativa,propio
2146,678560,geografia,"canton homonimo de su provincia (verificado, no es error)",county | stateProvince,Esmeraldas,informativa,propio
2147,678561,geografia,"canton homonimo de su provincia (verificado, no es error)",county | stateProvince,Esmeraldas,informativa,propio
2148,678562,geografia,"canton homonimo de su provincia (verificado, no es error)",county | stateProvince,Esmeraldas,informativa,propio
2149,678563,geografia,"canton homonimo de su provincia (verificado, no es error)",county | stateProvince,Esmeraldas,informativa,propio
2150,678565,geografia,"canton homonimo de su provincia (verificado, no es error)",county | stateProvince,Esmeraldas,informativa,propio
2151,678566,geografia,"canton homonimo de su provincia (verificado, no es error)",county | stateProvince,Esmeraldas,informativa,propio
2152,678567,geografia,"canton homonimo de su provincia (verificado, no es error)",county | stateProvince,Esmeraldas,informativa,propio
2153,678568,geografia,"canton homonimo de su provincia (verificado, no es error)",county | stateProvince,Esmeraldas,informativa,propio
2154,678569,geografia,"canton homonimo de su provincia (verificado, no es error)",county | stateProvince,Esmeraldas,informativa,propio
2155,678570,geografia,"canton homonimo de su provincia (verificado, no es error)",county | stateProvince,Esmeraldas,informativa,propio
2156,678571,geografia,"canton homonimo de su provincia (verificado, no es error)",county | stateProvince,Esmeraldas,informativa,propio
2157,678572,geografia,"canton homonimo de su provincia (verificado, no es error)",county | stateProvince,Esmeraldas,informativa,propio
2158,678573,geografia,"canton homonimo de su provincia (verificado, no es error)",county | stateProvince,Esmeraldas,informativa,propio
2159,678574,geografia,"canton homonimo de su provincia (verificado, no es error)",county | stateProvince,Esmeraldas,informativa,propio
2160,678576,geografia,"canton homonimo de su provincia (verificado, no es error)",county | stateProvince,Esmeraldas,informativa,propio
2161,678577,geografia,"canton homonimo de su provincia (verificado, no es error)",county | stateProvince,Esmeraldas,informativa,propio
2162,678578,geografia,"canton homonimo de su provincia (verificado, no es error)",county | stateProvince,Esmeraldas,informativa,propio
2163,678579,geografia,"canton homonimo de su provincia (verificado, no es error)",county | stateProvince,Esmeraldas,informativa,propio
2164,678580,geografia,"canton homonimo de su provincia (verificado, no es error)",county | stateProvince,Esmeraldas,informativa,propio
2165,678581,geografia,"canton homonimo de su provincia (verificado, no es error)",county | stateProvince,Esmeraldas,informativa,propio
2166,678582,geografia,"canton homonimo de su provincia (verificado, no es error)",county | stateProvince,Esmeraldas,informativa,propio
2167,678583,geografia,"canton homonimo de su provincia (verificado, no es error)",county | stateProvince,Esmeraldas,informativa,propio
2168,678584,geografia,"canton homonimo de su provincia (verificado, no es error)",county | stateProvince,Esmeraldas,informativa,propio
2169,678585,geografia,"canton homonimo de su provincia (verificado, no es error)",county | stateProvince,Esmeraldas,informativa,propio
2170,678587,geografia,"canton homonimo de su provincia (verificado, no es error)",county | stateProvince,Esmeraldas,informativa,propio
2171,678588,geografia,"canton homonimo de su provincia (verificado, no es error)",county | stateProvince,Esmeraldas,informativa,propio
2172,678589,geografia,"canton homonimo de su provincia (verificado, no es error)",county | stateProvince,Esmeraldas,informativa,propio
2173,678590,geografia,"canton homonimo de su provincia (verificado, no es error)",county | stateProvince,Esmeraldas,informativa,propio
2174,678591,geografia,"canton homonimo de su provincia (verificado, no es error)",county | stateProvince,Esmeraldas,informativa,propio
2175,678592,geografia,"canton homonimo de su provincia (verificado, no es error)",county | stateProvince,Esmeraldas,informativa,propio
2176,678593,geografia,"canton homonimo de su provincia (verificado, no es error)",county | stateProvince,Esmeraldas,informativa,propio
2177,678594,geografia,"canton homonimo de su provincia (verificado, no es error)",county | stateProvince,Esmeraldas,informativa,propio
2178,678595,geografia,"canton homonimo de su provincia (verificado, no es error)",county | stateProvince,Esmeraldas,informativa,propio
2179,678596,geografia,"canton homonimo de su provincia (verificado, no es error)",county | stateProvince,Esmeraldas,informativa,propio
2180,678598,geografia,"canton homonimo de su provincia (verificado, no es error)",county | stateProvince,Esmeraldas,informativa,propio
2181,678599,geografia,"canton homonimo de su provincia (verificado, no es error)",county | stateProvince,Esmeraldas,informativa,propio
2182,678600,geografia,"canton homonimo de su provincia (verificado, no es error)",county | stateProvince,Esmeraldas,informativa,propio
2183,678601,geografia,"canton homonimo de su provincia (verificado, no es error)",county | stateProvince,Esmeraldas,informativa,propio
2184,678602,geografia,"canton homonimo de su provincia (verificado, no es error)",county | stateProvince,Esmeraldas,informativa,propio
2185,678603,geografia,"canton homonimo de su provincia (verificado, no es error)",county | stateProvince,Esmeraldas,informativa,propio
2186,678604,geografia,"canton homonimo de su provincia (verificado, no es error)",county | stateProvince,Esmeraldas,informativa,propio
2187,678605,geografia,"canton homonimo de su provincia (verificado, no es error)",county | stateProvince,Esmeraldas,informativa,propio
2188,678606,geografia,"canton homonimo de su provincia (verificado, no es error)",county | stateProvince,Esmeraldas,informativa,propio
2189,678607,geografia,"canton homonimo de su provincia (verificado, no es error)",county | stateProvince,Esmeraldas,informativa,propio
2190,678609,geografia,"canton homonimo de su provincia (verificado, no es error)",county | stateProvince,Esmeraldas,informativa,propio
2191,678610,geografia,"canton homonimo de su provincia (verificado, no es error)",county | stateProvince,Esmeraldas,informativa,propio
2192,678611,geografia,"canton homonimo de su provincia (verificado, no es error)",county | stateProvince,Esmeraldas,informativa,propio
2193,678612,geografia,"canton homonimo de su provincia (verificado, no es error)",county | stateProvince,Esmeraldas,informativa,propio
2194,678613,geografia,"canton homonimo de su provincia (verificado, no es error)",county | stateProvince,Esmeraldas,informativa,propio
2195,678614,geografia,"canton homonimo de su provincia (verificado, no es error)",county | stateProvince,Esmeraldas,informativa,propio
2196,678615,geografia,"canton homonimo de su provincia (verificado, no es error)",county | stateProvince,Esmeraldas,informativa,propio
2351,678788,geografia,"canton homonimo de su provincia (verificado, no es error)",county | stateProvince,Pastaza,informativa,propio
2352,678789,geografia,"canton homonimo de su provincia (verificado, no es error)",county | stateProvince,Pastaza,informativa,propio
2353,678790,geografia,"canton homonimo de su provincia (verificado, no es error)",county | stateProvince,Pastaza,informativa,propio
2354,678791,geografia,"canton homonimo de su provincia (verificado, no es error)",county | stateProvince,Pastaza,informativa,propio
2355,678792,geografia,"canton homonimo de su provincia (verificado, no es error)",county | stateProvince,Pastaza,informativa,propio
2356,678793,geografia,"canton homonimo de su provincia (verificado, no es error)",county | stateProvince,Pastaza,informativa,propio
2357,678794,geografia,"canton homonimo de su provincia (verificado, no es error)",county | stateProvince,Pastaza,informativa,propio
2358,678795,geografia,"canton homonimo de su provincia (verificado, no es error)",county | stateProvince,Pastaza,informativa,propio
2359,678796,geografia,"canton homonimo de su provincia (verificado, no es error)",county | stateProvince,Pastaza,informativa,propio
2360,678798,geografia,"canton homonimo de su provincia (verificado, no es error)",county | stateProvince,Pastaza,informativa,propio
2361,678799,geografia,"canton homonimo de su provincia (verificado, no es error)",county | stateProvince,Pastaza,informativa,propio
2362,678800,geografia,"canton homonimo de su provincia (verificado, no es error)",county | stateProvince,Pastaza,informativa,propio
2363,678801,geografia,"canton homonimo de su provincia (verificado, no es error)",county | stateProvince,Pastaza,informativa,propio
2364,678802,geografia,"canton homonimo de su provincia (verificado, no es error)",county | stateProvince,Pastaza,informativa,propio
2383,678823,geografia,"canton homonimo de su provincia (verificado, no es error)",county | stateProvince,Pastaza,informativa,propio
2384,678824,geografia,"canton homonimo de su provincia (verificado, no es error)",county | stateProvince,Pastaza,informativa,propio
2385,678825,geografia,"canton homonimo de su provincia (verificado, no es error)",county | stateProvince,Pastaza,informativa,propio
2386,678826,geografia,"canton homonimo de su provincia (verificado, no es error)",county | stateProvince,Pastaza,informativa,propio
2387,678827,geografia,"canton homonimo de su provincia (verificado, no es error)",county | stateProvince,Pastaza,informativa,propio
2388,678828,geografia,"canton homonimo de su provincia (verificado, no es error)",county | stateProvince,Pastaza,informativa,propio
2389,678829,geografia,"canton homonimo de su provincia (verificado, no es error)",county | stateProvince,Pastaza,informativa,propio
2390,678831,geografia,"canton homonimo de su provincia (verificado, no es error)",county | stateProvince,Pastaza,informativa,propio
2391,678832,geografia,"canton homonimo de su provincia (verificado, no es error)",county | stateProvince,Pastaza,informativa,propio
2392,678833,geografia,"canton homonimo de su provincia (verificado, no es error)",county | stateProvince,Pastaza,informativa,propio
2393,678834,geografia,"canton homonimo de su provincia (verificado, no es error)",county | stateProvince,Pastaza,informativa,propio
2394,678835,geografia,"canton homonimo de su provincia (verificado, no es error)",county | stateProvince,Pastaza,informativa,propio
2395,678836,geografia,"canton homonimo de su provincia (verificado, no es error)",county | stateProvince,Pastaza,informativa,propio
2396,678837,geografia,"canton homonimo de su provincia (verificado, no es error)",county | stateProvince,Pastaza,informativa,propio
2397,678838,geografia,"canton homonimo de su provincia (verificado, no es error)",county | stateProvince,Pastaza,informativa,propio
2398,678839,geografia,"canton homonimo de su provincia (verificado, no es error)",county | stateProvince,Pastaza,informativa,propio
2399,678840,geografia,"canton homonimo de su provincia (verificado, no es error)",county | stateProvince,Pastaza,informativa,propio
2400,678843,geografia,"canton homonimo de su provincia (verificado, no es error)",county | stateProvince,Pastaza,informativa,propio
2545,679003,geografia,"canton homonimo de su provincia (verificado, no es error)",county | stateProvince,Pastaza,informativa,propio
2546,679004,geografia,"canton homonimo de su provincia (verificado, no es error)",county | stateProvince,Pastaza,informativa,propio
2547,679005,geografia,"canton homonimo de su provincia (verificado, no es error)",county | stateProvince,Pastaza,informativa,propio
2548,679006,geografia,"canton homonimo de su provincia (verificado, no es error)",county | stateProvince,Pastaza,informativa,propio
2549,679007,geografia,"canton homonimo de su provincia (verificado, no es error)",county | stateProvince,Pastaza,informativa,propio
2551,679010,geografia,"canton homonimo de su provincia (verificado, no es error)",county | stateProvince,Pastaza,informativa,propio
2552,679011,geografia,"canton homonimo de su provincia (verificado, no es error)",county | stateProvince,Pastaza,informativa,propio
2553,679012,geografia,"canton homonimo de su provincia (verificado, no es error)",county | stateProvince,Orellana,informativa,propio
2554,679013,geografia,"canton homonimo de su provincia (verificado, no es error)",county | stateProvince,Orellana,informativa,propio
2555,679014,geografia,"canton homonimo de su provincia (verificado, no es error)",county | stateProvince,Orellana,informativa,propio
2556,679015,geografia,"canton homonimo de su provincia (verificado, no es error)",county | stateProvince,Orellana,informativa,propio
2557,679016,geografia,"canton homonimo de su provincia (verificado, no es error)",county | stateProvince,Orellana,informativa,propio
2558,679017,geografia,"canton homonimo de su provincia (verificado, no es error)",county | stateProvince,Orellana,informativa,propio
2559,679018,geografia,"canton homonimo de su provincia (verificado, no es error)",county | stateProvince,Orellana,informativa,propio
2560,679020,geografia,"canton homonimo de su provincia (verificado, no es error)",county | stateProvince,Orellana,informativa,propio
2561,679021,geografia,"canton homonimo de su provincia (verificado, no es error)",county | stateProvince,Orellana,informativa,propio
2562,679022,geografia,"canton homonimo de su provincia (verificado, no es error)",county | stateProvince,Orellana,informativa,propio
2563,679023,geografia,"canton homonimo de su provincia (verificado, no es error)",county | stateProvince,Orellana,informativa,propio
2564,679024,geografia,"canton homonimo de su provincia (verificado, no es error)",county | stateProvince,Orellana,informativa,propio
2565,679025,geografia,"canton homonimo de su provincia (verificado, no es error)",county | stateProvince,Orellana,informativa,propio
2566,679026,geografia,"canton homonimo de su provincia (verificado, no es error)",county | stateProvince,Orellana,informativa,propio
2567,679027,geografia,"canton homonimo de su provincia (verificado, no es error)",county | stateProvince,Orellana,informativa,propio
2568,679028,geografia,"canton homonimo de su provincia (verificado, no es error)",county | stateProvince,Orellana,informativa,propio
2569,679029,geografia,"canton homonimo de su provincia (verificado, no es error)",county | stateProvince,Orellana,informativa,propio
2570,679031,geografia,"canton homonimo de su provincia (verificado, no es error)",county | stateProvince,Orellana,informativa,propio
2571,679032,geografia,"canton homonimo de su provincia (verificado, no es error)",county | stateProvince,Orellana,informativa,propio
2572,679033,geografia,"canton homonimo de su provincia (verificado, no es error)",county | stateProvince,Orellana,informativa,propio
2573,679034,geografia,"canton homonimo de su provincia (verificado, no es error)",county | stateProvince,Orellana,informativa,propio
2574,679035,geografia,"canton homonimo de su provincia (verificado, no es error)",county | stateProvince,Orellana,informativa,propio
2575,679036,geografia,"canton homonimo de su provincia (verificado, no es error)",county | stateProvince,Orellana,informativa,propio
2576,679037,geografia,"canton homonimo de su provincia (verificado, no es error)",county | stateProvince,Orellana,informativa,propio
2577,679038,geografia,"canton homonimo de su provincia (verificado, no es error)",county | stateProvince,Orellana,informativa,propio
2578,679039,geografia,"canton homonimo de su provincia (verificado, no es error)",county | stateProvince,Orellana,informativa,propio
2579,679040,geografia,"canton homonimo de su provincia (verificado, no es error)",county | stateProvince,Orellana,informativa,propio
2580,679042,geografia,"canton homonimo de su provincia (verificado, no es error)",county | stateProvince,Orellana,informativa,propio
2581,679043,geografia,"canton homonimo de su provincia (verificado, no es error)",county | stateProvince,Orellana,informativa,propio
2582,679044,geografia,"canton homonimo de su provincia (verificado, no es error)",county | stateProvince,Orellana,informativa,propio
2585,679047,geografia,"canton homonimo de su provincia (verificado, no es error)",county | stateProvince,Orellana,informativa,propio
2586,679048,geografia,"canton homonimo de su provincia (verificado, no es error)",county | stateProvince,Orellana,informativa,propio
2587,679049,geografia,"canton homonimo de su provincia (verificado, no es error)",county | stateProvince,Orellana,informativa,propio
2588,679050,geografia,"canton homonimo de su provincia (verificado, no es error)",county | stateProvince,Orellana,informativa,propio
2589,679051,geografia,"canton homonimo de su provincia (verificado, no es error)",county | stateProvince,Orellana,informativa,propio
2590,679053,geografia,"canton homonimo de su provincia (verificado, no es error)",county | stateProvince,Orellana,informativa,propio
2591,679054,geografia,"canton homonimo de su provincia (verificado, no es error)",county | stateProvince,Orellana,informativa,propio
2592,679055,geografia,"canton homonimo de su provincia (verificado, no es error)",county | stateProvince,Orellana,informativa,propio
2593,679056,geografia,"canton homonimo de su provincia (verificado, no es error)",county | stateProvince,Orellana,informativa,propio
2594,679057,geografia,"canton homonimo de su provincia (verificado, no es error)",county | stateProvince,Orellana,informativa,propio
2595,679058,geografia,"canton homonimo de su provincia (verificado, no es error)",county | stateProvince,Orellana,informativa,propio
2596,679059,geografia,"canton homonimo de su provincia (verificado, no es error)",county | stateProvince,Orellana,informativa,propio
2597,679060,geografia,"canton homonimo de su provincia (verificado, no es error)",county | stateProvince,Orellana,informativa,propio
2598,679061,geografia,"canton homonimo de su provincia (verificado, no es error)",county | stateProvince,Orellana,informativa,propio
2599,679062,geografia,"canton homonimo de su provincia (verificado, no es error)",county | stateProvince,Orellana,informativa,propio
2600,679065,geografia,"canton homonimo de su provincia (verificado, no es error)",county | stateProvince,Orellana,informativa,propio
2601,679066,geografia,"canton homonimo de su provincia (verificado, no es error)",county | stateProvince,Orellana,informativa,propio
2602,679067,geografia,"canton homonimo de su provincia (verificado, no es error)",county | stateProvince,Orellana,informativa,propio
2603,679068,geografia,"canton homonimo de su provincia (verificado, no es error)",county | stateProvince,Orellana,informativa,propio
2604,679069,geografia,"canton homonimo de su provincia (verificado, no es error)",county | stateProvince,Orellana,informativa,propio
2605,679070,geografia,"canton homonimo de su provincia (verificado, no es error)",county | stateProvince,Orellana,informativa,propio
2606,679071,geografia,"canton homonimo de su provincia (verificado, no es error)",county | stateProvince,Orellana,informativa,propio
2607,679072,geografia,"canton homonimo de su provincia (verificado, no es error)",county | stateProvince,Orellana,informativa,propio
2608,679073,geografia,"canton homonimo de su provincia (verificado, no es error)",county | stateProvince,Orellana,informativa,propio
2609,679074,geografia,"canton homonimo de su provincia (verificado, no es error)",county | stateProvince,Orellana,informativa,propio
2610,679076,geografia,"canton homonimo de su provincia (verificado, no es error)",county | stateProvince,Orellana,informativa,propio
2611,679077,geografia,"canton homonimo de su provincia (verificado, no es error)",county | stateProvince,Orellana,informativa,propio
2612,679078,geografia,"canton homonimo de su provincia (verificado, no es error)",county | stateProvince,Orellana,informativa,propio
2613,679079,geografia,"canton homonimo de su provincia (verificado, no es error)",county | stateProvince,Orellana,informativa,propio
2614,679080,geografia,"canton homonimo de su provincia (verificado, no es error)",county | stateProvince,Orellana,informativa,propio
2615,679081,geografia,"canton homonimo de su provincia (verificado, no es error)",county | stateProvince,Orellana,informativa,propio
2616,679082,geografia,"canton homonimo de su provincia (verificado, no es error)",county | stateProvince,Orellana,informativa,propio
2617,679083,geografia,"canton homonimo de su provincia (verificado, no es error)",county | stateProvince,Orellana,informativa,propio
2618,679084,geografia,"canton homonimo de su provincia (verificado, no es error)",county | stateProvince,Orellana,informativa,propio
2674,679169,geografia,"canton homonimo de su provincia (verificado, no es error)",county | stateProvince,Orellana,informativa,propio
2675,679170,geografia,"canton homonimo de su provincia (verificado, no es error)",county | stateProvince,Orellana,informativa,propio
2676,679171,geografia,"canton homonimo de su provincia (verificado, no es error)",county | stateProvince,Orellana,informativa,propio
2677,679172,geografia,"canton homonimo de su provincia (verificado, no es error)",county | stateProvince,Orellana,informativa,propio
2678,679173,geografia,"canton homonimo de su provincia (verificado, no es error)",county | stateProvince,Orellana,informativa,propio
2679,679174,geografia,"canton homonimo de su provincia (verificado, no es error)",county | stateProvince,Orellana,informativa,propio
2680,679176,geografia,"canton homonimo de su provincia (verificado, no es error)",county | stateProvince,Orellana,informativa,propio
2681,679177,geografia,"canton homonimo de su provincia (verificado, no es error)",county | stateProvince,Orellana,informativa,propio
2682,679178,geografia,"canton homonimo de su provincia (verificado, no es error)",county | stateProvince,Orellana,informativa,propio
2683,679179,geografia,"canton homonimo de su provincia (verificado, no es error)",county | stateProvince,Orellana,informativa,propio
2684,679180,geografia,"canton homonimo de su provincia (verificado, no es error)",county | stateProvince,Orellana,informativa,propio
2685,679181,geografia,"canton homonimo de su provincia (verificado, no es error)",county | stateProvince,Orellana,informativa,propio
2686,679182,geografia,"canton homonimo de su provincia (verificado, no es error)",county | stateProvince,Orellana,informativa,propio
2687,679183,geografia,"canton homonimo de su provincia (verificado, no es error)",county | stateProvince,Orellana,informativa,propio
2688,679184,geografia,"canton homonimo de su provincia (verificado, no es error)",county | stateProvince,Orellana,informativa,propio
2689,679185,geografia,"canton homonimo de su provincia (verificado, no es error)",county | stateProvince,Orellana,informativa,propio
2690,679187,geografia,"canton homonimo de su provincia (verificado, no es error)",county | stateProvince,Orellana,informativa,propio
2691,679188,geografia,"canton homonimo de su provincia (verificado, no es error)",county | stateProvince,Orellana,informativa,propio
2692,679189,geografia,"canton homonimo de su provincia (verificado, no es error)",county | stateProvince,Orellana,informativa,propio
2693,679190,geografia,"canton homonimo de su provincia (verificado, no es error)",county | stateProvince,Orellana,informativa,propio
2694,679191,geografia,"canton homonimo de su provincia (verificado, no es error)",county | stateProvince,Orellana,informativa,propio
2700,679199,geografia,"canton homonimo de su provincia (verificado, no es error)",county | stateProvince,Orellana,informativa,propio
2701,679200,geografia,"canton homonimo de su provincia (verificado, no es error)",county | stateProvince,Orellana,informativa,propio
2702,679201,geografia,"canton homonimo de su provincia (verificado, no es error)",county | stateProvince,Orellana,informativa,propio
2703,679202,geografia,"canton homonimo de su provincia (verificado, no es error)",county | stateProvince,Orellana,informativa,propio
2704,679203,geografia,"canton homonimo de su provincia (verificado, no es error)",county | stateProvince,Orellana,informativa,propio
2705,679204,geografia,"canton homonimo de su provincia (verificado, no es error)",county | stateProvince,Orellana,informativa,propio
2706,679205,geografia,"canton homonimo de su provincia (verificado, no es error)",county | stateProvince,Orellana,informativa,propio
2707,679206,geografia,"canton homonimo de su provincia (verificado, no es error)",county | stateProvince,Orellana,informativa,propio
2708,679207,geografia,"canton homonimo de su provincia (verificado, no es error)",county | stateProvince,Orellana,informativa,propio
2709,679208,geografia,"canton homonimo de su provincia (verificado, no es error)",county | stateProvince,Orellana,informativa,propio
2710,679210,geografia,"canton homonimo de su provincia (verificado, no es error)",county | stateProvince,Orellana,informativa,propio
2711,679211,geografia,"canton homonimo de su provincia (verificado, no es error)",county | stateProvince,Orellana,informativa,propio
2712,679212,geografia,"canton homonimo de su provincia (verificado, no es error)",county | stateProvince,Orellana,informativa,propio
2713,679213,geografia,"canton homonimo de su provincia (verificado, no es error)",county | stateProvince,Orellana,informativa,propio
2714,679214,geografia,"canton homonimo de su provincia (verificado, no es error)",county | stateProvince,Orellana,informativa,propio
2715,679215,geografia,"canton homonimo de su provincia (verificado, no es error)",county | stateProvince,Orellana,informativa,propio
2716,679216,geografia,"canton homonimo de su provincia (verificado, no es error)",county | stateProvince,Orellana,informativa,propio
2717,679217,geografia,"canton homonimo de su provincia (verificado, no es error)",county | stateProvince,Orellana,informativa,propio
2718,679218,geografia,"canton homonimo de su provincia (verificado, no es error)",county | stateProvince,Orellana,informativa,propio
2719,679219,geografia,"canton homonimo de su provincia (verificado, no es error)",county | stateProvince,Orellana,informativa,propio
2720,679221,geografia,"canton homonimo de su provincia (verificado, no es error)",county | stateProvince,Orellana,informativa,propio
2943,679468,geografia,"canton homonimo de su provincia (verificado, no es error)",county | stateProvince,Orellana,informativa,propio
333,679898,geografia,"canton homonimo de su provincia (verificado, no es error)",county | stateProvince,Orellana,informativa,propio
334,679909,geografia,"canton homonimo de su provincia (verificado, no es error)",county | stateProvince,Orellana,informativa,propio
335,679920,geografia,"canton homonimo de su provincia (verificado, no es error)",county | stateProvince,Orellana,informativa,propio
336,679931,geografia,"canton homonimo de su provincia (verificado, no es error)",county | stateProvince,Orellana,informativa,propio
337,679942,geografia,"canton homonimo de su provincia (verificado, no es error)",county | stateProvince,Orellana,informativa,propio
338,679953,geografia,"canton homonimo de su provincia (verificado, no es error)",county | stateProvince,Orellana,informativa,propio
339,679964,geografia,"canton homonimo de su provincia (verificado, no es error)",county | stateProvince,Orellana,informativa,propio
39,680553,geografia,"canton homonimo de su provincia (verificado, no es error)",county | stateProvince,Esmeraldas,informativa,propio
452,681094,geografia,"canton homonimo de su provincia (verificado, no es error)",county | stateProvince,Orellana,informativa,propio
453,681095,geografia,"canton homonimo de su provincia (verificado, no es error)",county | stateProvince,Orellana,informativa,propio
454,681096,geografia,"canton homonimo de su provincia (verificado, no es error)",county | stateProvince,Orellana,informativa,propio
455,681097,geografia,"canton homonimo de su provincia (verificado, no es error)",county | stateProvince,Orellana,informativa,propio
456,681098,geografia,"canton homonimo de su provincia (verificado, no es error)",county | stateProvince,Orellana,informativa,propio
457,681099,geografia,"canton homonimo de su provincia (verificado, no es error)",county | stateProvince,Orellana,informativa,propio
458,681100,geografia,"canton homonimo de su provincia (verificado, no es error)",county | stateProvince,Orellana,informativa,propio
459,681101,geografia,"canton homonimo de su provincia (verificado, no es error)",county | stateProvince,Orellana,informativa,propio
5021,1840094,geografia,"canton homonimo de su provincia (verificado, no es error)",county | stateProvince,Orellana,informativa,propio
5022,1840095,geografia,"canton homonimo de su provincia (verificado, no es error)",county | stateProvince,Orellana,informativa,propio
5023,1840096,geografia,"canton homonimo de su provincia (verificado, no es error)",county | stateProvince,Orellana,informativa,propio
515,681187,geografia,"canton homonimo de su provincia (verificado, no es error)",county | stateProvince,Orellana,informativa,propio
516,681188,geografia,"canton homonimo de su provincia (verificado, no es error)",county | stateProvince,Orellana,informativa,propio
517,681189,geografia,"canton homonimo de su provincia (verificado, no es error)",county | stateProvince,Orellana,informativa,propio
518,681190,geografia,"canton homonimo de su provincia (verificado, no es error)",county | stateProvince,Orellana,informativa,propio
519,681191,geografia,"canton homonimo de su provincia (verificado, no es error)",county | stateProvince,Orellana,informativa,propio
522,681195,geografia,"canton homonimo de su provincia (verificado, no es error)",county | stateProvince,Orellana,informativa,propio
532,681206,geografia,"canton homonimo de su provincia (verificado, no es error)",county | stateProvince,Orellana,informativa,propio
533,681207,geografia,"canton homonimo de su provincia (verificado, no es error)",county | stateProvince,Orellana,informativa,propio
534,681208,geografia,"canton homonimo de su provincia (verificado, no es error)",county | stateProvince,Orellana,informativa,propio
535,681209,geografia,"canton homonimo de su provincia (verificado, no es error)",county | stateProvince,Orellana,informativa,propio
536,681210,geografia,"canton homonimo de su provincia (verificado, no es error)",county | stateProvince,Orellana,informativa,propio
537,681211,geografia,"canton homonimo de su provincia (verificado, no es error)",county | stateProvince,Orellana,informativa,propio
538,681212,geografia,"canton homonimo de su provincia (verificado, no es error)",county | stateProvince,Orellana,informativa,propio
539,681213,geografia,"canton homonimo de su provincia (verificado, no es error)",county | stateProvince,Orellana,informativa,propio
540,681215,geografia,"canton homonimo de su provincia (verificado, no es error)",county | stateProvince,Orellana,informativa,propio
541,681216,geografia,"canton homonimo de su provincia (verificado, no es error)",county | stateProvince,Orellana,informativa,propio
542,681217,geografia,"canton homonimo de su provincia (verificado, no es error)",county | stateProvince,Orellana,informativa,propio
543,681218,geografia,"canton homonimo de su provincia (verificado, no es error)",county | stateProvince,Orellana,informativa,propio
544,681219,geografia,"canton homonimo de su provincia (verificado, no es error)",county | stateProvince,Orellana,informativa,propio
545,681220,geografia,"canton homonimo de su provincia (verificado, no es error)",county | stateProvince,Orellana,informativa,propio
546,681221,geografia,"canton homonimo de su provincia (verificado, no es error)",county | stateProvince,Orellana,informativa,propio
547,681222,geografia,"canton homonimo de su provincia (verificado, no es error)",county | stateProvince,Orellana,informativa,propio
548,681223,geografia,"canton homonimo de su provincia (verificado, no es error)",county | stateProvince,Orellana,informativa,propio
549,681224,geografia,"canton homonimo de su provincia (verificado, no es error)",county | stateProvince,Orellana,informativa,propio
550,681226,geografia,"canton homonimo de su provincia (verificado, no es error)",county | stateProvince,Orellana,informativa,propio
551,681227,geografia,"canton homonimo de su provincia (verificado, no es error)",county | stateProvince,Orellana,informativa,propio
552,681228,geografia,"canton homonimo de su provincia (verificado, no es error)",county | stateProvince,Orellana,informativa,propio
553,681229,geografia,"canton homonimo de su provincia (verificado, no es error)",county | stateProvince,Orellana,informativa,propio
554,681230,geografia,"canton homonimo de su provincia (verificado, no es error)",county | stateProvince,Orellana,informativa,propio
555,681231,geografia,"canton homonimo de su provincia (verificado, no es error)",county | stateProvince,Orellana,informativa,propio
556,681232,geografia,"canton homonimo de su provincia (verificado, no es error)",county | stateProvince,Orellana,informativa,propio
557,681233,geografia,"canton homonimo de su provincia (verificado, no es error)",county | stateProvince,Orellana,informativa,propio
5574,1840670,geografia,"canton homonimo de su provincia (verificado, no es error)",county | stateProvince,Loja,informativa,propio
558,681234,geografia,"canton homonimo de su provincia (verificado, no es error)",county | stateProvince,Orellana,informativa,propio
559,681235,geografia,"canton homonimo de su provincia (verificado, no es error)",county | stateProvince,Orellana,informativa,propio
560,681237,geografia,"canton homonimo de su provincia (verificado, no es error)",county | stateProvince,Orellana,informativa,propio
561,681238,geografia,"canton homonimo de su provincia (verificado, no es error)",county | stateProvince,Orellana,informativa,propio
562,681239,geografia,"canton homonimo de su provincia (verificado, no es error)",county | stateProvince,Orellana,informativa,propio
563,681240,geografia,"canton homonimo de su provincia (verificado, no es error)",county | stateProvince,Orellana,informativa,propio
564,681241,geografia,"canton homonimo de su provincia (verificado, no es error)",county | stateProvince,Orellana,informativa,propio
565,681242,geografia,"canton homonimo de su provincia (verificado, no es error)",county | stateProvince,Orellana,informativa,propio
566,681243,geografia,"canton homonimo de su provincia (verificado, no es error)",county | stateProvince,Orellana,informativa,propio
567,681244,geografia,"canton homonimo de su provincia (verificado, no es error)",county | stateProvince,Orellana,informativa,propio
568,681245,geografia,"canton homonimo de su provincia (verificado, no es error)",county | stateProvince,Orellana,informativa,propio
569,681246,geografia,"canton homonimo de su provincia (verificado, no es error)",county | stateProvince,Orellana,informativa,propio
570,681248,geografia,"canton homonimo de su provincia (verificado, no es error)",county | stateProvince,Orellana,informativa,propio
5700,1840796,geografia,"canton homonimo de su provincia (verificado, no es error)",county | stateProvince,Esmeraldas,informativa,propio
571,681249,geografia,"canton homonimo de su provincia (verificado, no es error)",county | stateProvince,Orellana,informativa,propio
572,681250,geografia,"canton homonimo de su provincia (verificado, no es error)",county | stateProvince,Orellana,informativa,propio
573,681251,geografia,"canton homonimo de su provincia (verificado, no es error)",county | stateProvince,Orellana,informativa,propio
574,681252,geografia,"canton homonimo de su provincia (verificado, no es error)",county | stateProvince,Orellana,informativa,propio
5741,1840837,geografia,"canton homonimo de su provincia (verificado, no es error)",county | stateProvince,Esmeraldas,informativa,propio
5746,1840842,geografia,"canton homonimo de su provincia (verificado, no es error)",county | stateProvince,Esmeraldas,informativa,propio
575,681253,geografia,"canton homonimo de su provincia (verificado, no es error)",county | stateProvince,Orellana,informativa,propio
576,681254,geografia,"canton homonimo de su provincia (verificado, no es error)",county | stateProvince,Orellana,informativa,propio
577,681255,geografia,"canton homonimo de su provincia (verificado, no es error)",county | stateProvince,Orellana,informativa,propio
5896,1840992,geografia,"canton homonimo de su provincia (verificado, no es error)",county | stateProvince,Pastaza,informativa,propio
5897,1840993,geografia,"canton homonimo de su provincia (verificado, no es error)",county | stateProvince,Pastaza,informativa,propio
5898,1840994,geografia,"canton homonimo de su provincia (verificado, no es error)",county | stateProvince,Pastaza,informativa,propio
5899,1840995,geografia,"canton homonimo de su provincia (verificado, no es error)",county | stateProvince,Pastaza,informativa,propio
5900,1840996,geografia,"canton homonimo de su provincia (verificado, no es error)",county | stateProvince,Pastaza,informativa,propio
5901,1840997,geografia,"canton homonimo de su provincia (verificado, no es error)",county | stateProvince,Pastaza,informativa,propio
5902,1840998,geografia,"canton homonimo de su provincia (verificado, no es error)",county | stateProvince,Pastaza,informativa,propio
5903,1840999,geografia,"canton homonimo de su provincia (verificado, no es error)",county | stateProvince,Pastaza,informativa,propio
5904,1841000,geografia,"canton homonimo de su provincia (verificado, no es error)",county | stateProvince,Pastaza,informativa,propio
5905,1841001,geografia,"canton homonimo de su provincia (verificado, no es error)",county | stateProvince,Pastaza,informativa,propio
5906,1841002,geografia,"canton homonimo de su provincia (verificado, no es error)",county | stateProvince,Pastaza,informativa,propio
5907,1841003,geografia,"canton homonimo de su provincia (verificado, no es error)",county | stateProvince,Pastaza,informativa,propio
5908,1841004,geografia,"canton homonimo de su provincia (verificado, no es error)",county | stateProvince,Pastaza,informativa,propio
5909,1841005,geografia,"canton homonimo de su provincia (verificado, no es error)",county | stateProvince,Pastaza,informativa,propio
5910,1841006,geografia,"canton homonimo de su provincia (verificado, no es error)",county | stateProvince,Pastaza,informativa,propio
5911,1841007,geografia,"canton homonimo de su provincia (verificado, no es error)",county | stateProvince,Pastaza,informativa,propio
5912,1841008,geografia,"canton homonimo de su provincia (verificado, no es error)",county | stateProvince,Pastaza,informativa,propio
5913,1841009,geografia,"canton homonimo de su provincia (verificado, no es error)",county | stateProvince,Pastaza,informativa,propio
5914,1841010,geografia,"canton homonimo de su provincia (verificado, no es error)",county | stateProvince,Pastaza,informativa,propio
5915,1841011,geografia,"canton homonimo de su provincia (verificado, no es error)",county | stateProvince,Pastaza,informativa,propio
5916,1841012,geografia,"canton homonimo de su provincia (verificado, no es error)",county | stateProvince,Pastaza,informativa,propio
5917,1841013,geografia,"canton homonimo de su provincia (verificado, no es error)",county | stateProvince,Pastaza,informativa,propio
5918,1841014,geografia,"canton homonimo de su provincia (verificado, no es error)",county | stateProvince,Pastaza,informativa,propio
5919,1841015,geografia,"canton homonimo de su provincia (verificado, no es error)",county | stateProvince,Pastaza,informativa,propio
5920,1841016,geografia,"canton homonimo de su provincia (verificado, no es error)",county | stateProvince,Pastaza,informativa,propio
5921,1841017,geografia,"canton homonimo de su provincia (verificado, no es error)",county | stateProvince,Pastaza,informativa,propio
5922,1841018,geografia,"canton homonimo de su provincia (verificado, no es error)",county | stateProvince,Pastaza,informativa,propio
5923,1841019,geografia,"canton homonimo de su provincia (verificado, no es error)",county | stateProvince,Pastaza,informativa,propio
5924,1841020,geografia,"canton homonimo de su provincia (verificado, no es error)",county | stateProvince,Pastaza,informativa,propio
5925,1841021,geografia,"canton homonimo de su provincia (verificado, no es error)",county | stateProvince,Pastaza,informativa,propio
5926,1841022,geografia,"canton homonimo de su provincia (verificado, no es error)",county | stateProvince,Pastaza,informativa,propio
5927,1841023,geografia,"canton homonimo de su provincia (verificado, no es error)",county | stateProvince,Pastaza,informativa,propio
5928,1841024,geografia,"canton homonimo de su provincia (verificado, no es error)",county | stateProvince,Pastaza,informativa,propio
5929,1841025,geografia,"canton homonimo de su provincia (verificado, no es error)",county | stateProvince,Pastaza,informativa,propio
5930,1841026,geografia,"canton homonimo de su provincia (verificado, no es error)",county | stateProvince,Pastaza,informativa,propio
5931,1841027,geografia,"canton homonimo de su provincia (verificado, no es error)",county | stateProvince,Pastaza,informativa,propio
5932,1841028,geografia,"canton homonimo de su provincia (verificado, no es error)",county | stateProvince,Pastaza,informativa,propio
5933,1841029,geografia,"canton homonimo de su provincia (verificado, no es error)",county | stateProvince,Pastaza,informativa,propio
5934,1841030,geografia,"canton homonimo de su provincia (verificado, no es error)",county | stateProvince,Pastaza,informativa,propio
5935,1841031,geografia,"canton homonimo de su provincia (verificado, no es error)",county | stateProvince,Pastaza,informativa,propio
5936,1841032,geografia,"canton homonimo de su provincia (verificado, no es error)",county | stateProvince,Pastaza,informativa,propio
5937,1841033,geografia,"canton homonimo de su provincia (verificado, no es error)",county | stateProvince,Pastaza,informativa,propio
5938,1841034,geografia,"canton homonimo de su provincia (verificado, no es error)",county | stateProvince,Pastaza,informativa,propio
5939,1841035,geografia,"canton homonimo de su provincia (verificado, no es error)",county | stateProvince,Pastaza,informativa,propio
5940,1841036,geografia,"canton homonimo de su provincia (verificado, no es error)",county | stateProvince,Pastaza,informativa,propio
5941,1841037,geografia,"canton homonimo de su provincia (verificado, no es error)",county | stateProvince,Pastaza,informativa,propio
5942,1841038,geografia,"canton homonimo de su provincia (verificado, no es error)",county | stateProvince,Pastaza,informativa,propio
5943,1841039,geografia,"canton homonimo de su provincia (verificado, no es error)",county | stateProvince,Pastaza,informativa,propio
5944,1841040,geografia,"canton homonimo de su provincia (verificado, no es error)",county | stateProvince,Pastaza,informativa,propio
5945,1841041,geografia,"canton homonimo de su provincia (verificado, no es error)",county | stateProvince,Pastaza,informativa,propio
5946,1841042,geografia,"canton homonimo de su provincia (verificado, no es error)",county | stateProvince,Pastaza,informativa,propio
5947,1841043,geografia,"canton homonimo de su provincia (verificado, no es error)",county | stateProvince,Pastaza,informativa,propio
5948,1841044,geografia,"canton homonimo de su provincia (verificado, no es error)",county | stateProvince,Pastaza,informativa,propio
5949,1841045,geografia,"canton homonimo de su provincia (verificado, no es error)",county | stateProvince,Pastaza,informativa,propio
5950,1841046,geografia,"canton homonimo de su provincia (verificado, no es error)",county | stateProvince,Pastaza,informativa,propio
5951,1841047,geografia,"canton homonimo de su provincia (verificado, no es error)",county | stateProvince,Pastaza,informativa,propio
5952,1841048,geografia,"canton homonimo de su provincia (verificado, no es error)",county | stateProvince,Pastaza,informativa,propio
5953,1841049,geografia,"canton homonimo de su provincia (verificado, no es error)",county | stateProvince,Pastaza,informativa,propio
5954,1841050,geografia,"canton homonimo de su provincia (verificado, no es error)",county | stateProvince,Pastaza,informativa,propio
5955,1841051,geografia,"canton homonimo de su provincia (verificado, no es error)",county | stateProvince,Pastaza,informativa,propio
5956,1841052,geografia,"canton homonimo de su provincia (verificado, no es error)",county | stateProvince,Pastaza,informativa,propio
5957,1841053,geografia,"canton homonimo de su provincia (verificado, no es error)",county | stateProvince,Pastaza,informativa,propio
5958,1841054,geografia,"canton homonimo de su provincia (verificado, no es error)",county | stateProvince,Pastaza,informativa,propio
5959,1841055,geografia,"canton homonimo de su provincia (verificado, no es error)",county | stateProvince,Pastaza,informativa,propio
5960,1841056,geografia,"canton homonimo de su provincia (verificado, no es error)",county | stateProvince,Pastaza,informativa,propio
5961,1841057,geografia,"canton homonimo de su provincia (verificado, no es error)",county | stateProvince,Pastaza,informativa,propio
5962,1841058,geografia,"canton homonimo de su provincia (verificado, no es error)",county | stateProvince,Pastaza,informativa,propio
5963,1841059,geografia,"canton homonimo de su provincia (verificado, no es error)",county | stateProvince,Pastaza,informativa,propio
5964,1841060,geografia,"canton homonimo de su provincia (verificado, no es error)",county | stateProvince,Pastaza,informativa,propio
5965,1841061,geografia,"canton homonimo de su provincia (verificado, no es error)",county | stateProvince,Pastaza,informativa,propio
5966,1841062,geografia,"canton homonimo de su provincia (verificado, no es error)",county | stateProvince,Pastaza,informativa,propio
5967,1841063,geografia,"canton homonimo de su provincia (verificado, no es error)",county | stateProvince,Pastaza,informativa,propio
5968,1841064,geografia,"canton homonimo de su provincia (verificado, no es error)",county | stateProvince,Pastaza,informativa,propio
5969,1841065,geografia,"canton homonimo de su provincia (verificado, no es error)",county | stateProvince,Pastaza,informativa,propio
5970,1841066,geografia,"canton homonimo de su provincia (verificado, no es error)",county | stateProvince,Pastaza,informativa,propio
5971,1841067,geografia,"canton homonimo de su provincia (verificado, no es error)",county | stateProvince,Pastaza,informativa,propio
5972,1841068,geografia,"canton homonimo de su provincia (verificado, no es error)",county | stateProvince,Pastaza,informativa,propio
5973,1841069,geografia,"canton homonimo de su provincia (verificado, no es error)",county | stateProvince,Pastaza,informativa,propio
5974,1841070,geografia,"canton homonimo de su provincia (verificado, no es error)",county | stateProvince,Pastaza,informativa,propio
5975,1841071,geografia,"canton homonimo de su provincia (verificado, no es error)",county | stateProvince,Pastaza,informativa,propio
5976,1841072,geografia,"canton homonimo de su provincia (verificado, no es error)",county | stateProvince,Pastaza,informativa,propio
5977,1841073,geografia,"canton homonimo de su provincia (verificado, no es error)",county | stateProvince,Pastaza,informativa,propio
5978,1841074,geografia,"canton homonimo de su provincia (verificado, no es error)",county | stateProvince,Pastaza,informativa,propio
5979,1841075,geografia,"canton homonimo de su provincia (verificado, no es error)",county | stateProvince,Pastaza,informativa,propio
5980,1841076,geografia,"canton homonimo de su provincia (verificado, no es error)",county | stateProvince,Pastaza,informativa,propio
5981,1841077,geografia,"canton homonimo de su provincia (verificado, no es error)",county | stateProvince,Pastaza,informativa,propio
5982,1841078,geografia,"canton homonimo de su provincia (verificado, no es error)",county | stateProvince,Pastaza,informativa,propio
5983,1841079,geografia,"canton homonimo de su provincia (verificado, no es error)",county | stateProvince,Pastaza,informativa,propio
5984,1841080,geografia,"canton homonimo de su provincia (verificado, no es error)",county | stateProvince,Pastaza,informativa,propio
5985,1841081,geografia,"canton homonimo de su provincia (verificado, no es error)",county | stateProvince,Pastaza,informativa,propio
5986,1841082,geografia,"canton homonimo de su provincia (verificado, no es error)",county | stateProvince,Pastaza,informativa,propio
5987,1841083,geografia,"canton homonimo de su provincia (verificado, no es error)",county | stateProvince,Pastaza,informativa,propio
5988,1841084,geografia,"canton homonimo de su provincia (verificado, no es error)",county | stateProvince,Pastaza,informativa,propio
5989,1841085,geografia,"canton homonimo de su provincia (verificado, no es error)",county | stateProvince,Pastaza,informativa,propio
5990,1841086,geografia,"canton homonimo de su provincia (verificado, no es error)",county | stateProvince,Pastaza,informativa,propio
5991,1841087,geografia,"canton homonimo de su provincia (verificado, no es error)",county | stateProvince,Pastaza,informativa,propio
5992,1841088,geografia,"canton homonimo de su provincia (verificado, no es error)",county | stateProvince,Pastaza,informativa,propio
5993,1841089,geografia,"canton homonimo de su provincia (verificado, no es error)",county | stateProvince,Pastaza,informativa,propio
5994,1841090,geografia,"canton homonimo de su provincia (verificado, no es error)",county | stateProvince,Pastaza,informativa,propio
5995,1841091,geografia,"canton homonimo de su provincia (verificado, no es error)",county | stateProvince,Pastaza,informativa,propio
5996,1841092,geografia,"canton homonimo de su provincia (verificado, no es error)",county | stateProvince,Pastaza,informativa,propio
5997,1841093,geografia,"canton homonimo de su provincia (verificado, no es error)",county | stateProvince,Pastaza,informativa,propio
5998,1841094,geografia,"canton homonimo de su provincia (verificado, no es error)",county | stateProvince,Pastaza,informativa,propio
5999,1841095,geografia,"canton homonimo de su provincia (verificado, no es error)",county | stateProvince,Pastaza,informativa,propio
6000,1841096,geografia,"canton homonimo de su provincia (verificado, no es error)",county | stateProvince,Pastaza,informativa,propio
6001,1841097,geografia,"canton homonimo de su provincia (verificado, no es error)",county | stateProvince,Pastaza,informativa,propio
6002,1841098,geografia,"canton homonimo de su provincia (verificado, no es error)",county | stateProvince,Pastaza,informativa,propio
6003,1841099,geografia,"canton homonimo de su provincia (verificado, no es error)",county | stateProvince,Pastaza,informativa,propio
6004,1841100,geografia,"canton homonimo de su provincia (verificado, no es error)",county | stateProvince,Pastaza,informativa,propio
6005,1841101,geografia,"canton homonimo de su provincia (verificado, no es error)",county | stateProvince,Pastaza,informativa,propio
6006,1841102,geografia,"canton homonimo de su provincia (verificado, no es error)",county | stateProvince,Pastaza,informativa,propio
6007,1841103,geografia,"canton homonimo de su provincia (verificado, no es error)",county | stateProvince,Pastaza,informativa,propio
6008,1841104,geografia,"canton homonimo de su provincia (verificado, no es error)",county | stateProvince,Pastaza,informativa,propio
6009,1841105,geografia,"canton homonimo de su provincia (verificado, no es error)",county | stateProvince,Pastaza,informativa,propio
6010,1841106,geografia,"canton homonimo de su provincia (verificado, no es error)",county | stateProvince,Pastaza,informativa,propio
6011,1841107,geografia,"canton homonimo de su provincia (verificado, no es error)",county | stateProvince,Pastaza,informativa,propio
6012,1841108,geografia,"canton homonimo de su provincia (verificado, no es error)",county | stateProvince,Pastaza,informativa,propio
6013,1841109,geografia,"canton homonimo de su provincia (verificado, no es error)",county | stateProvince,Pastaza,informativa,propio
6014,1841110,geografia,"canton homonimo de su provincia (verificado, no es error)",county | stateProvince,Pastaza,informativa,propio
6015,1841111,geografia,"canton homonimo de su provincia (verificado, no es error)",county | stateProvince,Pastaza,informativa,propio
6016,1841112,geografia,"canton homonimo de su provincia (verificado, no es error)",county | stateProvince,Pastaza,informativa,propio
6017,1841113,geografia,"canton homonimo de su provincia (verificado, no es error)",county | stateProvince,Pastaza,informativa,propio
6018,1841114,geografia,"canton homonimo de su provincia (verificado, no es error)",county | stateProvince,Pastaza,informativa,propio
6019,1841115,geografia,"canton homonimo de su provincia (verificado, no es error)",county | stateProvince,Pastaza,informativa,propio
6020,1841116,geografia,"canton homonimo de su provincia (verificado, no es error)",county | stateProvince,Pastaza,informativa,propio
6021,1841117,geografia,"canton homonimo de su provincia (verificado, no es error)",county | stateProvince,Pastaza,informativa,propio
6022,1841118,geografia,"canton homonimo de su provincia (verificado, no es error)",county | stateProvince,Pastaza,informativa,propio
6023,1841119,geografia,"canton homonimo de su provincia (verificado, no es error)",county | stateProvince,Pastaza,informativa,propio
6024,1841120,geografia,"canton homonimo de su provincia (verificado, no es error)",county | stateProvince,Pastaza,informativa,propio
6025,1841121,geografia,"canton homonimo de su provincia (verificado, no es error)",county | stateProvince,Pastaza,informativa,propio
6026,1841122,geografia,"canton homonimo de su provincia (verificado, no es error)",county | stateProvince,Pastaza,informativa,propio
6027,1841123,geografia,"canton homonimo de su provincia (verificado, no es error)",county | stateProvince,Pastaza,informativa,propio
6028,1841124,geografia,"canton homonimo de su provincia (verificado, no es error)",county | stateProvince,Pastaza,informativa,propio
6029,1841125,geografia,"canton homonimo de su provincia (verificado, no es error)",county | stateProvince,Pastaza,informativa,propio
6030,1841126,geografia,"canton homonimo de su provincia (verificado, no es error)",county | stateProvince,Pastaza,informativa,propio
6031,1841127,geografia,"canton homonimo de su provincia (verificado, no es error)",county | stateProvince,Pastaza,informativa,propio
6032,1841128,geografia,"canton homonimo de su provincia (verificado, no es error)",county | stateProvince,Pastaza,informativa,propio
6033,1841129,geografia,"canton homonimo de su provincia (verificado, no es error)",county | stateProvince,Pastaza,informativa,propio
6034,1841130,geografia,"canton homonimo de su provincia (verificado, no es error)",county | stateProvince,Pastaza,informativa,propio
6035,1841131,geografia,"canton homonimo de su provincia (verificado, no es error)",county | stateProvince,Pastaza,informativa,propio
6036,1841132,geografia,"canton homonimo de su provincia (verificado, no es error)",county | stateProvince,Pastaza,informativa,propio
6037,1841133,geografia,"canton homonimo de su provincia (verificado, no es error)",county | stateProvince,Pastaza,informativa,propio
6038,1841134,geografia,"canton homonimo de su provincia (verificado, no es error)",county | stateProvince,Pastaza,informativa,propio
6039,1841135,geografia,"canton homonimo de su provincia (verificado, no es error)",county | stateProvince,Pastaza,informativa,propio
699,681390,geografia,"canton homonimo de su provincia (verificado, no es error)",county | stateProvince,Orellana,informativa,propio
940,681659,geografia,"canton homonimo de su provincia (verificado, no es error)",county | stateProvince,Pastaza,informativa,propio
941,681660,geografia,"canton homonimo de su provincia (verificado, no es error)",county | stateProvince,Pastaza,informativa,propio
942,681661,geografia,"canton homonimo de su provincia (verificado, no es error)",county | stateProvince,Pastaza,informativa,propio
943,681662,geografia,"canton homonimo de su provincia (verificado, no es error)",county | stateProvince,Pastaza,informativa,propio
944,681663,geografia,"canton homonimo de su provincia (verificado, no es error)",county | stateProvince,Pastaza,informativa,propio
945,681664,geografia,"canton homonimo de su provincia (verificado, no es error)",county | stateProvince,Pastaza,informativa,propio
946,681665,geografia,"canton homonimo de su provincia (verificado, no es error)",county | stateProvince,Pastaza,informativa,propio
947,681666,geografia,"canton homonimo de su provincia (verificado, no es error)",county | stateProvince,Pastaza,informativa,propio
948,681667,geografia,"canton homonimo de su provincia (verificado, no es error)",county | stateProvince,Pastaza,informativa,propio
949,681668,geografia,"canton homonimo de su provincia (verificado, no es error)",county | stateProvince,Pastaza,informativa,propio
950,681670,geografia,"canton homonimo de su provincia (verificado, no es error)",county | stateProvince,Pastaza,informativa,propio
951,681671,geografia,"canton homonimo de su provincia (verificado, no es error)",county | stateProvince,Pastaza,informativa,propio
952,681672,geografia,"canton homonimo de su provincia (verificado, no es error)",county | stateProvince,Pastaza,informativa,propio
953,681673,geografia,"canton homonimo de su provincia (verificado, no es error)",county | stateProvince,Pastaza,informativa,propio
954,681674,geografia,"canton homonimo de su provincia (verificado, no es error)",county | stateProvince,Pastaza,informativa,propio
970,681692,geografia,"canton homonimo de su provincia (verificado, no es error)",county | stateProvince,Pastaza,informativa,propio
971,681693,geografia,"canton homonimo de su provincia (verificado, no es error)",county | stateProvince,Pastaza,informativa,propio
972,681694,geografia,"canton homonimo de su provincia (verificado, no es error)",county | stateProvince,Pastaza,informativa,propio
973,681695,geografia,"canton homonimo de su provincia (verificado, no es error)",county | stateProvince,Pastaza,informativa,propio
974,681696,geografia,"canton homonimo de su provincia (verificado, no es error)",county | stateProvince,Pastaza,informativa,propio
975,681697,geografia,"canton homonimo de su provincia (verificado, no es error)",county | stateProvince,Pastaza,informativa,propio
976,681698,geografia,"canton homonimo de su provincia (verificado, no es error)",county | stateProvince,Pastaza,informativa,propio
977,681699,geografia,"canton homonimo de su provincia (verificado, no es error)",county | stateProvince,Pastaza,informativa,propio
978,681700,geografia,"canton homonimo de su provincia (verificado, no es error)",county | stateProvince,Pastaza,informativa,propio
979,681701,geografia,"canton homonimo de su provincia (verificado, no es error)",county | stateProvince,Pastaza,informativa,propio
980,681703,geografia,"canton homonimo de su provincia (verificado, no es error)",county | stateProvince,Pastaza,informativa,propio
981,681704,geografia,"canton homonimo de su provincia (verificado, no es error)",county | stateProvince,Pastaza,informativa,propio
982,681705,geografia,"canton homonimo de su provincia (verificado, no es error)",county | stateProvince,Pastaza,informativa,propio
983,681706,geografia,"canton homonimo de su provincia (verificado, no es error)",county | stateProvince,Pastaza,informativa,propio
984,681707,geografia,"canton homonimo de su provincia (verificado, no es error)",county | stateProvince,Pastaza,informativa,propio
985,681708,geografia,"canton homonimo de su provincia (verificado, no es error)",county | stateProvince,Pastaza,informativa,propio
986,681709,geografia,"canton homonimo de su provincia (verificado, no es error)",county | stateProvince,Pastaza,informativa,propio
987,681710,geografia,"canton homonimo de su provincia (verificado, no es error)",county | stateProvince,Pastaza,informativa,propio
988,681711,geografia,"canton homonimo de su provincia (verificado, no es error)",county | stateProvince,Pastaza,informativa,propio
989,681712,geografia,"canton homonimo de su provincia (verificado, no es error)",county | stateProvince,Pastaza,informativa,propio
99,681713,geografia,"canton homonimo de su provincia (verificado, no es error)",county | stateProvince,Orellana,informativa,propio
990,681714,geografia,"canton homonimo de su provincia (verificado, no es error)",county | stateProvince,Pastaza,informativa,propio
991,681715,geografia,"canton homonimo de su provincia (verificado, no es error)",county | stateProvince,Pastaza,informativa,propio
992,681716,geografia,"canton homonimo de su provincia (verificado, no es error)",county | stateProvince,Pastaza,informativa,propio
993,681717,geografia,"canton homonimo de su provincia (verificado, no es error)",county | stateProvince,Pastaza,informativa,propio
994,681718,geografia,"canton homonimo de su provincia (verificado, no es error)",county | stateProvince,Pastaza,informativa,propio
995,681719,geografia,"canton homonimo de su provincia (verificado, no es error)",county | stateProvince,Pastaza,informativa,propio
996,681720,geografia,"canton homonimo de su provincia (verificado, no es error)",county | stateProvince,Pastaza,informativa,propio
997,681721,geografia,"canton homonimo de su provincia (verificado, no es error)",county | stateProvince,Pastaza,informativa,propio
998,681722,geografia,"canton homonimo de su provincia (verificado, no es error)",county | stateProvince,Pastaza,informativa,propio
999,681723,geografia,"canton homonimo de su provincia (verificado, no es error)",county | stateProvince,Pastaza,informativa,propio
